
--R01
INSERT INTO product (id,"name","description",price,stock,views) VALUES (1,"Erica carnea White",
"This variety will provide you with white flowers and plenty of interest in your garden or on your patio long after other 
flowers have faded and the garden takes on a somewhat barren look. Not as fussy with soil as their counterparts, 
they will thrive in any well drained soil and form a low maintenance ground cover plant.",16.00,20,100),
                                                                   (2,"Amaryllis Floris Hekker",
"Hippeastrum Amaryllis Floris Hekker is an excellent variety to help brighten up your home. It produces plenty of large 
velvety-red blooms with deep dark red centres.It’s a great variety for an eye-catching display in your home or as a memorable
gift for a very special person. Plant your Amaryllis 8 weeks before you would like them to bloom!",18.00,30,150),
                                                                    (3,"Mini Lemon Tree",
"This cold resistant Lemon tree is highly decorative providing year round interest with its glossy evergreen leaves, 
pretty fragrant flowers and edible fruit.These miniature trees are easy to care for and ideal for on a sunny windowsill indoors, 
they can also be moved outdoors once temperatures are above freezing. ",26.00,12,650),
                                                                    (4,"Mini Phalaenopsis Purple",
"This New Miniature Phalaenopsis is so unusual and so cute. It arrives in flower making a wonderful gift. 
The long lasting dark Purple flowers make them perfect as centrepieces.",30.00,30,450),
                                                                    (5,"Crassula perforata Giant Form",
"Crassula perforata Giant Form is a rare succulent plant with pretty bluish red tips which sets off the grey/blue foliage beautifully. 
Jade plants make great housewarming gifts as they are often called the money plant 
or dollar plant, because they were once thought to bring good luck to their owners.",14.00,25,451),
                                                                    (6,"Aloes mitriformis fluorescent",
"This dwarf version of Aloe has strong sturdy leaves arranged in rosettes with fine yellow-white serrations.
It is useful for many skin conditions as it eases pain and reduces inflammation.
Aloe also makes a great houseplant, it is very easy to grow and will thrive on any sunny windowsill 
with the minimum of effort.",20.00,30,450),
                                                                    (7,"Gardenia jasminoides",
"This beautiful plant is perfect for both indoors and out. The lovely rose-like flowers in ivory-white emit a heavy scent 
perfuming your living room or patio. In the language of flowers gardenia signifies ‘secret love’ 
and represents purity, refinement and peace.",14.00,74,784),
                                                                    (8,"Mini Apple Tree Malus Red Spur",
"Harvest your own delicious apples from this fine self-fertile mini apple tree. It produces full sized tasty
 fruit and makes an impressive display on your patio, decking, or just in the garden.",36.00,8,364),
                                                                    (9,"Aquilegia Spring Magic Blue",
"Aquilegia or Columbines produce fabulous shaped flowers which will be the talking point of your neighbours.
The dainty blooms with elegant spurs are exquisite and will come back to grace your garden year after year.
They are hardy, grow in sun or partial shade and are suitable for your herbaceous borders or for planters on your patio or decking.",22.00,50,123),
                                                                    (10,"Climbing Rose New Dawn",
"Climbing rose New Dawn is thought by many to be one of the best repeat-flowering climbing rose, producing medium sized, 
silvery blush-pink semi-double blossoms in attractive clusters with a sweet fruity fragrance all summer long.  
This vigorous climber flourishes in both sun or partial shade and its attractive dark green glossy foliage has 
a good disease resistance.",65.00,100,1204);

--R02
INSERT INTO "order" (id,shipping_id,billing_address,delivery_address,order_date,payment_method,id_user) VALUES (1,'53582','144-3196 Ornare Avenue','8243 Maecenas Rd.','14-12-19',' Stripe',14),(2,'38738','Ap #246-3047 Proin Avenue','Ap #742-3640 Aliquam St.','06-10-19','Multibanco ',16),(3,'55189','558-2316 Litora Road','8662 Enim St.','04-11-19',' Stripe',36),(4,'90349','211-1725 Non Rd.','748-1358 Et Ave','06-11-19','Multibanco ',29),(5,'44175','3847 Eu, St.','P.O. Box 233, 6128 Enim. Rd.','30-05-19','Multibanco ',9),(6,'81747','Ap #765-561 Viverra. Rd.','P.O. Box 706, 1084 Eget Rd.','07-10-20','Multibanco ',10),(7,'03084','215-3296 Ornare Rd.','P.O. Box 894, 6642 Posuere Av.','08-12-20',' Stripe',49),(8,'52657','997-9400 Sit Avenue','Ap #449-5293 Mi Rd.','21-04-19',' Stripe',8),(9,'07951','P.O. Box 811, 3668 Dolor. Ave','136-6055 Auctor Road','09-03-20','Multibanco ',19),(10,'41083','P.O. Box 736, 1907 Ornare, St.','732-464 Scelerisque Street','04-05-20','Multibanco ',8);
INSERT INTO "order" (id,shipping_id,billing_address,delivery_address,order_date,payment_method,id_user) VALUES (11,'52822','P.O. Box 668, 4284 Massa. Road','970-6303 Erat Rd.','02-06-19','Multibanco ',34),(12,'79517','546-5581 Commodo Ave','Ap #871-6902 Neque St.','16-05-19',' Stripe',37),(13,'64378','8504 Lacus St.','P.O. Box 839, 7584 Dolor. Av.','17-05-19','Multibanco ',11),(14,'75110','P.O. Box 700, 9635 Parturient St.','6979 Rutrum. Avenue','01-03-21',' Stripe',30),(15,'28226','5164 Et Av.','9066 Sapien, Avenue','14-08-19','Multibanco ',49),(16,'94290','7032 In Avenue','3345 Taciti Rd.','24-02-20','Multibanco ',28),(17,'11035','Ap #849-7632 Vulputate Rd.','P.O. Box 174, 4368 Laoreet, St.','30-06-20',' Stripe',24),(18,'32726','P.O. Box 718, 2482 Consequat Rd.','959-1900 Nulla. Ave','28-01-21',' Stripe',20),(19,'53617','1653 Nunc, Rd.','P.O. Box 702, 9836 Magna St.','15-04-19','Multibanco ',2),(20,'57168','P.O. Box 623, 9499 Et, Rd.','473-1784 Facilisis, Av.','10-04-19','Multibanco ',16);
INSERT INTO "order" (id,shipping_id,billing_address,delivery_address,order_date,payment_method,id_user) VALUES (21,'97694','Ap #697-4402 Nisl St.','9498 Donec St.','06-01-20',' Stripe',34),(22,'27740','P.O. Box 644, 2566 In Rd.','7325 At Av.','06-09-20','Multibanco ',8),(23,'94891','7866 Nec, St.','7072 Mi St.','19-03-20','Multibanco ',16),(24,'95560','P.O. Box 380, 2557 Amet, Ave','P.O. Box 646, 8970 Pellentesque, Road','12-02-21','Multibanco ',4),(25,'70465','5900 Quisque Rd.','P.O. Box 749, 1807 Enim St.','24-10-20','Multibanco ',3),(26,'73827','2497 Mus. Rd.','645-4779 Orci Ave','27-08-19',' Stripe',50),(27,'46458','889-1563 Et, Av.','P.O. Box 379, 8356 Condimentum Ave','16-02-21',' Stripe',1),(28,'52971','Ap #238-9164 Aliquet Rd.','P.O. Box 288, 1734 Eget, Street','23-03-21','Multibanco ',37),(29,'09787','189-8823 Vulputate, Rd.','378-4682 Aliquet. Rd.','03-09-20','Multibanco ',38),(30,'37942','410-8518 Lorem, Road','Ap #216-2067 Nisi St.','24-04-20',' Stripe',6);
INSERT INTO "order" (id,shipping_id,billing_address,delivery_address,order_date,payment_method,id_user) VALUES (31,'65028','3541 Sed Avenue','Ap #618-3760 Non Rd.','08-12-19','Multibanco ',6),(32,'52736','Ap #586-2297 Adipiscing Av.','537-6985 Sagittis. Ave','22-04-19',' Stripe',17),(33,'63117','Ap #348-6545 In Avenue','2349 Enim Rd.','01-12-20',' Stripe',49),(34,'36911','3753 Metus. Street','5813 Lacus. Ave','15-08-19',' Stripe',10),(35,'23356','302-2203 Risus. Av.','784-9934 Nisl. Road','13-01-20',' Stripe',35),(36,'61519','Ap #321-8323 Egestas. Ave','Ap #561-5902 Pede. Avenue','13-10-20','Multibanco ',22),(37,'66404','350-2785 Tellus Rd.','P.O. Box 231, 4779 Enim. Av.','18-06-19','Multibanco ',1),(38,'66847','P.O. Box 222, 3851 Mauris Ave','769-2023 Fringilla Avenue','31-08-19',' Stripe',22),(39,'57254','P.O. Box 623, 881 Augue Av.','243-7998 Lacus Avenue','04-05-19',' Stripe',2),(40,'29555','359-6696 Proin St.','Ap #705-1455 Dis Avenue','02-06-20','Multibanco ',43);
INSERT INTO "order" (id,shipping_id,billing_address,delivery_address,order_date,payment_method,id_user) VALUES (41,'88136','890-5456 Luctus Road','Ap #438-8824 Dui Rd.','27-11-20',' Stripe',19),(42,'54346','6857 Magna. St.','822-7274 Cursus. Avenue','06-06-20','Multibanco ',37),(43,'23458','8936 Tempor Rd.','291-1974 Cras Road','05-06-20','Multibanco ',45),(44,'26118','273-1333 Consectetuer St.','Ap #903-6129 Velit Avenue','09-03-20','Multibanco ',3),(45,'16419','5522 Pretium Ave','P.O. Box 812, 6660 Enim. Av.','23-03-20','Multibanco ',12),(46,'96588','Ap #842-2862 Massa Street','Ap #624-2543 Odio, Rd.','25-09-20','Multibanco ',42),(47,'77473','P.O. Box 795, 5685 Mattis Rd.','2370 Est. Road','09-04-20','Multibanco ',4),(48,'77862','P.O. Box 427, 5128 Justo Ave','838 Odio Rd.','10-04-20',' Stripe',32),(49,'50793','P.O. Box 844, 973 Ornare, Av.','P.O. Box 503, 1097 Nec Street','18-02-21',' Stripe',11),(50,'67388','262-9489 Eu Av.','953-5493 Mattis. Road','17-03-21','Multibanco ',21);
INSERT INTO "order" (id,shipping_id,billing_address,delivery_address,order_date,payment_method,id_user) VALUES (51,'26591','4765 In St.','335-5602 Commodo Road','28-03-19','Multibanco ',15),(52,'83679','466-4996 Maecenas Ave','Ap #954-2098 In, Avenue','23-09-20','Multibanco ',36),(53,'74473','Ap #880-9845 Dui. Ave','1413 Magnis Rd.','25-10-19',' Stripe',21),(54,'66811','972-3807 Metus. St.','P.O. Box 435, 4099 Cursus Rd.','14-05-19',' Stripe',48),(55,'85699','3245 Congue Rd.','520-486 Penatibus Road','17-06-19','Multibanco ',34),(56,'05203','1953 Nullam Ave','798-2739 Nullam St.','01-09-20',' Stripe',16),(57,'24991','3225 Cursus. St.','Ap #522-2792 Vitae Ave','07-10-20','Multibanco ',50),(58,'03999','P.O. Box 845, 9735 Curabitur Ave','Ap #937-7743 Rhoncus. St.','13-12-20','Multibanco ',19),(59,'62515','763 Sagittis Ave','Ap #820-5039 At St.','07-05-20',' Stripe',38),(60,'61384','Ap #395-9997 Velit Road','522-1926 Orci, Ave','16-03-21',' Stripe',4);
INSERT INTO "order" (id,shipping_id,billing_address,delivery_address,order_date,payment_method,id_user) VALUES (61,'91152','438-6016 Nec Av.','340-8488 Odio Street','07-05-20',' Stripe',49),(62,'17717','P.O. Box 755, 1724 Dolor Street','P.O. Box 130, 7998 Mauris Rd.','22-12-19',' Stripe',23),(63,'70920','P.O. Box 545, 4944 At Avenue','533-487 Sit St.','16-09-19',' Stripe',44),(64,'15736','9039 Dictum. Av.','415-6262 Tincidunt, Rd.','18-12-19',' Stripe',3),(65,'57524','3452 Aliquam Road','Ap #576-1725 Laoreet St.','27-11-19',' Stripe',39),(66,'94523','P.O. Box 978, 3743 Non Av.','817-4087 Erat Rd.','29-02-20',' Stripe',6),(67,'73955','5584 Tempus Ave','P.O. Box 228, 9778 Duis Av.','17-10-20','Multibanco ',16),(68,'01213','Ap #811-7942 Suspendisse Rd.','2853 Sit St.','18-11-20',' Stripe',25),(69,'40016','P.O. Box 786, 7967 Congue St.','957-8983 Vulputate St.','02-02-20','Multibanco ',39),(70,'13833','P.O. Box 744, 2866 Sit Avenue','982-2942 Mi Av.','26-10-19','Multibanco ',3);
INSERT INTO "order" (id,shipping_id,billing_address,delivery_address,order_date,payment_method,id_user) VALUES (71,'19809','P.O. Box 250, 3599 Egestas Rd.','P.O. Box 158, 5935 Litora Street','21-07-19','Multibanco ',6),(72,'98009','477-3788 Metus. Road','P.O. Box 784, 6351 Penatibus St.','23-12-20','Multibanco ',46),(73,'19089','331-6578 Lectus. St.','Ap #259-4849 Maecenas Rd.','22-03-20','Multibanco ',18),(74,'85725','Ap #240-2015 Quisque Ave','Ap #503-1089 Nec Rd.','08-06-19','Multibanco ',39),(75,'44117','870-340 Pellentesque Rd.','P.O. Box 652, 6944 Urna St.','11-12-19','Multibanco ',17),(76,'18717','P.O. Box 254, 9629 Nulla Av.','P.O. Box 219, 9563 Integer St.','01-01-21',' Stripe',26),(77,'27084','591-4426 Est. St.','6325 Et, Ave','23-06-19','Multibanco ',22),(78,'37812','908-5480 Nec, Street','233-8216 Nunc Ave','23-08-20',' Stripe',43),(79,'88766','P.O. Box 768, 7737 Hendrerit. Av.','Ap #757-9646 Vivamus Rd.','14-03-21','Multibanco ',27),(80,'46994','P.O. Box 868, 8697 Aliquam Rd.','754-6853 Non, Street','06-10-19','Multibanco ',5);
INSERT INTO "order" (id,shipping_id,billing_address,delivery_address,order_date,payment_method,id_user) VALUES (81,'17214','Ap #372-1003 At Av.','P.O. Box 831, 3272 Porttitor Street','16-04-20','Multibanco ',3),(82,'87155','5387 Posuere Av.','8702 Ligula. Av.','09-06-19',' Stripe',20),(83,'99222','Ap #909-5543 Eu Rd.','P.O. Box 800, 4800 Tempus Street','13-12-20','Multibanco ',13),(84,'15395','P.O. Box 383, 2238 Et Av.','P.O. Box 586, 4294 Donec St.','29-09-19',' Stripe',22),(85,'90267','P.O. Box 915, 7504 Sit St.','9582 In Rd.','21-07-19','Multibanco ',29),(86,'54427','3351 Ligula. Av.','Ap #374-1100 Aenean Street','05-01-20',' Stripe',44),(87,'84847','742-3625 Sit Rd.','2593 Non Road','25-09-19','Multibanco ',9),(88,'73557','784-1007 Nulla. St.','739-9386 Dui Road','11-08-20',' Stripe',28),(89,'33169','335-9859 Ac Avenue','Ap #716-3517 Sed, St.','28-12-20','Multibanco ',22),(90,'79857','525-8166 Semper Avenue','2579 Mi St.','21-08-20',' Stripe',41);
INSERT INTO "order" (id,shipping_id,billing_address,delivery_address,order_date,payment_method,id_user) VALUES (91,'94107','Ap #812-2764 In Street','181-4598 Faucibus St.','22-11-20','Multibanco ',30),(92,'38599','5412 Eleifend Road','753-1401 Consequat, Av.','14-02-21','Multibanco ',42),(93,'78028','Ap #120-3726 Duis St.','Ap #956-2464 Ipsum Avenue','04-07-20',' Stripe',21),(94,'76956','862-8111 Dolor Ave','5460 Odio St.','02-02-20','Multibanco ',34),(95,'56590','P.O. Box 614, 2916 Consequat St.','6009 Vehicula. St.','26-09-20',' Stripe',23),(96,'17295','2176 Aliquam Avenue','952-9925 Lacus. St.','22-08-19','Multibanco ',49),(97,'52505','5844 Nascetur Road','371-4211 Nibh. Rd.','19-11-20',' Stripe',35),(98,'86765','677-1032 Integer Road','P.O. Box 392, 6187 Erat. Street','20-03-21','Multibanco ',39),(99,'05219','P.O. Box 717, 7013 Non Av.','251-7925 Nam Rd.','21-06-20',' Stripe',40),(100,'70100','Ap #276-4826 Donec Ave','1898 Maecenas St.','01-09-19',' Stripe',41);

--R03
INSERT INTO product_order (id_product,id_order,quantity) VALUES (15,52,35),(2,54,31),(70,86,32),(36,56,25),(85,31,4),(80,68,14),(51,55,17),(44,58,50),(84,48,48),(72,62,7);
INSERT INTO product_order (id_product,id_order,quantity) VALUES (63,57,26),(43,97,37),(37,22,40),(76,25,27),(97,47,7),(43,1,22),(21,94,42),(77,93,4),(73,77,1),(41,24,27);
INSERT INTO product_order (id_product,id_order,quantity) VALUES (88,93,45),(43,50,21),(6,97,22),(72,77,34),(84,40,27),(99,65,23),(78,79,46),(44,75,39),(50,6,1),(52,72,42);
INSERT INTO product_order (id_product,id_order,quantity) VALUES (88,2,18),(1,90,5),(89,97,16),(25,26,48),(28,40,41),(17,64,15),(59,5,4),(70,33,46),(16,56,30),(55,26,46);
INSERT INTO product_order (id_product,id_order,quantity) VALUES (46,15,10),(25,94,10),(1,55,50),(19,38,28),(99,49,1),(91,95,37),(72,16,27),(56,48,16),(44,26,18),(79,24,18);
INSERT INTO product_order (id_product,id_order,quantity) VALUES (77,54,31),(37,76,6),(100,37,33),(39,25,8),(97,69,31),(84,26,37),(83,74,40),(86,16,34),(32,59,32),(11,19,35);
INSERT INTO product_order (id_product,id_order,quantity) VALUES (34,42,29),(13,33,19),(84,8,50),(6,48,7),(26,11,11),(73,44,31),(71,10,1),(71,4,2),(45,32,9),(46,85,39);
INSERT INTO product_order (id_product,id_order,quantity) VALUES (86,71,48),(65,26,31),(3,14,25),(51,66,50),(56,99,30),(39,28,29),(15,59,24),(91,78,45),(6,72,33),(77,86,20);
INSERT INTO product_order (id_product,id_order,quantity) VALUES (27,48,31),(25,62,7),(42,31,2),(92,57,19),(56,89,15),(5,61,23),(2,27,35),(69,21,32),(39,75,17),(13,57,42);
INSERT INTO product_order (id_product,id_order,quantity) VALUES (95,49,36),(57,3,22),(46,24,11),(18,73,36),(71,25,47),(38,89,22),(2,98,17),(80,41,33),(85,10,11),(32,75,30);

--R04
INSERT INTO review (id_product,id_order,"description",rating,review_date) VALUES (20,51,' "Really happy to try out this brand, great products and costumer support"',1,'30-11-20'),(32,40,'"Great product!" ',2,'12-10-20'),(81,67,' "Really happy to try out this brand, great products and costumer support"',5,'27-03-21'),(51,60,' "Kinda dissapointed with the plant quality" ! "Amazing service and quality of products" ',3,'28-05-20'),(37,30,' "Kinda dissapointed with the plant quality" ! "Amazing service and quality of products" ',1,'11-08-20'),(35,29,' "Loved this lovely plant! Very easy to take care" ',5,'18-04-19'),(63,83,' "Kinda dissapointed with the plant quality" ! "Amazing service and quality of products" ',2,'22-10-19'),(6,76,'"Great product!" ',2,'09-08-19'),(60,64,' "Really happy to try out this brand, great products and costumer support"',2,'27-11-19'),(40,12,' "Kinda dissapointed with the plant quality" ! "Amazing service and quality of products" ',1,'25-06-19');
INSERT INTO review (id_product,id_order,"description",rating,review_date) VALUES (47,76,'"Great product!" ',3,'07-01-20'),(42,79,' "Kinda dissapointed with the plant quality" ! "Amazing service and quality of products" ',2,'15-05-20'),(21,63,' "Loved this lovely plant! Very easy to take care" ',3,'12-10-19'),(75,28,' "Really happy to try out this brand, great products and costumer support"',2,'08-07-20'),(85,87,' "Kinda dissapointed with the plant quality" ! "Amazing service and quality of products" ',1,'18-04-19'),(58,32,'"Great product!" ',5,'11-11-19'),(50,43,'"Great product!" ',5,'16-03-20'),(92,27,' "Loved this lovely plant! Very easy to take care" ',3,'19-09-20'),(32,87,' "Really happy to try out this brand, great products and costumer support"',3,'25-02-21'),(7,79,' "Really happy to try out this brand, great products and costumer support"',2,'19-12-19');
INSERT INTO review (id_product,id_order,"description",rating,review_date) VALUES (84,43,' "Really happy to try out this brand, great products and costumer support"',5,'08-02-20'),(71,33,' "Loved this lovely plant! Very easy to take care" ',3,'17-08-20'),(83,11,' "Kinda dissapointed with the plant quality" ! "Amazing service and quality of products" ',1,'11-11-19'),(48,55,' "Really happy to try out this brand, great products and costumer support"',5,'21-04-20'),(67,22,' "Loved this lovely plant! Very easy to take care" ',2,'28-03-19'),(33,9,' "Really happy to try out this brand, great products and costumer support"',5,'04-12-20'),(74,98,' "Kinda dissapointed with the plant quality" ! "Amazing service and quality of products" ',3,'07-06-20'),(59,11,'"Great product!" ',5,'24-03-20'),(21,65,' "Really happy to try out this brand, great products and costumer support"',4,'15-08-20'),(58,25,'"Great product!" ',2,'07-01-20');
INSERT INTO review (id_product,id_order,"description",rating,review_date) VALUES (12,3,'"Great product!" ',4,'27-11-20'),(37,10,' "Kinda dissapointed with the plant quality" ! "Amazing service and quality of products" ',2,'29-09-19'),(38,62,'"Great product!" ',1,'20-03-20'),(88,28,'"Great product!" ',5,'20-09-19'),(12,23,' "Loved this lovely plant! Very easy to take care" ',5,'13-03-21'),(24,81,'"Great product!" ',3,'16-08-19'),(12,6,'"Great product!" ',1,'21-06-19'),(76,43,' "Really happy to try out this brand, great products and costumer support"',1,'13-11-19'),(35,92,'"Great product!" ',3,'15-01-20'),(56,49,' "Loved this lovely plant! Very easy to take care" ',3,'07-02-20');
INSERT INTO review (id_product,id_order,"description",rating,review_date) VALUES (89,71,' "Loved this lovely plant! Very easy to take care" ',5,'16-09-20'),(55,31,'"Great product!" ',1,'18-01-20'),(75,44,' "Loved this lovely plant! Very easy to take care" ',3,'02-03-20'),(6,100,' "Kinda dissapointed with the plant quality" ! "Amazing service and quality of products" ',2,'03-01-20'),(68,85,'"Great product!" ',4,'20-02-20'),(25,74,' "Loved this lovely plant! Very easy to take care" ',3,'31-05-19'),(54,72,'"Great product!" ',3,'22-01-20'),(8,25,' "Loved this lovely plant! Very easy to take care" ',3,'10-05-19'),(43,2,'"Great product!" ',3,'24-07-20'),(12,5,' "Loved this lovely plant! Very easy to take care" ',3,'20-10-20');
INSERT INTO review (id_product,id_order,"description",rating,review_date) VALUES (4,79,' "Loved this lovely plant! Very easy to take care" ',3,'15-06-19'),(62,37,' "Really happy to try out this brand, great products and costumer support"',5,'21-09-19'),(66,67,'"Great product!" ',4,'11-05-19'),(52,71,'"Great product!" ',4,'20-05-19'),(36,82,'"Great product!" ',4,'28-03-19'),(7,79,' "Kinda dissapointed with the plant quality" ! "Amazing service and quality of products" ',3,'31-10-20'),(22,54,' "Really happy to try out this brand, great products and costumer support"',3,'08-01-20'),(40,27,' "Loved this lovely plant! Very easy to take care" ',2,'24-03-20'),(66,35,' "Kinda dissapointed with the plant quality" ! "Amazing service and quality of products" ',5,'19-05-19'),(52,54,'"Great product!" ',4,'10-03-21');
INSERT INTO review (id_product,id_order,"description",rating,review_date) VALUES (88,38,'"Great product!" ',5,'07-12-19'),(13,45,'"Great product!" ',3,'12-05-19'),(28,62,' "Really happy to try out this brand, great products and costumer support"',4,'04-09-20'),(27,64,' "Kinda dissapointed with the plant quality" ! "Amazing service and quality of products" ',1,'17-11-19'),(28,75,'"Great product!" ',1,'07-07-19'),(49,96,' "Really happy to try out this brand, great products and costumer support"',2,'07-02-20'),(30,74,' "Loved this lovely plant! Very easy to take care" ',5,'26-10-20'),(6,8,' "Loved this lovely plant! Very easy to take care" ',4,'14-03-20'),(33,48,' "Loved this lovely plant! Very easy to take care" ',4,'26-05-20'),(37,30,'"Great product!" ',3,'06-11-20');
INSERT INTO review (id_product,id_order,"description",rating,review_date) VALUES (44,84,'"Great product!" ',5,'13-12-20'),(4,30,'"Great product!" ',4,'10-10-20'),(25,83,' "Really happy to try out this brand, great products and costumer support"',4,'29-06-19'),(44,50,' "Loved this lovely plant! Very easy to take care" ',5,'18-05-20'),(78,38,' "Really happy to try out this brand, great products and costumer support"',5,'10-08-20'),(15,78,'"Great product!" ',5,'16-07-20'),(7,14,' "Kinda dissapointed with the plant quality" ! "Amazing service and quality of products" ',4,'12-05-20'),(3,82,'"Great product!" ',5,'20-08-19'),(77,77,' "Really happy to try out this brand, great products and costumer support"',2,'21-10-20'),(13,87,'"Great product!" ',2,'13-01-20');
INSERT INTO review (id_product,id_order,"description",rating,review_date) VALUES (99,85,' "Really happy to try out this brand, great products and costumer support"',5,'13-10-20'),(39,79,'"Great product!" ',3,'29-10-19'),(22,68,'"Great product!" ',5,'21-11-19'),(57,4,' "Really happy to try out this brand, great products and costumer support"',4,'25-04-19'),(57,85,' "Loved this lovely plant! Very easy to take care" ',3,'14-02-21'),(7,60,'"Great product!" ',4,'23-11-19'),(95,69,'"Great product!" ',5,'15-05-19'),(92,63,'"Great product!" ',1,'13-02-21'),(75,63,'"Great product!" ',5,'01-06-19'),(81,96,'"Great product!" ',1,'21-01-21');
INSERT INTO review (id_product,id_order,"description",rating,review_date) VALUES (74,74,' "Kinda dissapointed with the plant quality" ! "Amazing service and quality of products" ',2,'17-04-19'),(43,61,' "Loved this lovely plant! Very easy to take care" ',4,'25-04-20'),(60,13,' "Loved this lovely plant! Very easy to take care" ',1,'23-08-20'),(26,98,'"Great product!" ',1,'08-03-20'),(26,37,'"Great product!" ',1,'02-01-21'),(46,53,' "Really happy to try out this brand, great products and costumer support"',5,'23-03-20'),(83,16,' "Kinda dissapointed with the plant quality" ! "Amazing service and quality of products" ',4,'30-06-20'),(91,9,' "Loved this lovely plant! Very easy to take care" ',1,'20-06-20'),(7,100,'"Great product!" ',4,'13-01-20'),(1,92,'"Great product!" ',2,'31-12-19');

--R05
INSERT INTO "order_history" (id,date,id_order,order_status) VALUES (1,'08-09-20',74,' Ready for Shipping '),(2,'16-09-19',51,'Awaiting Payment '),(3,'11-06-19',24,' Processed'),(4,'21-02-21',96,'Awaiting Payment '),(5,'17-04-19',60,' Processed'),(6,'08-04-19',13,' Ready for Shipping '),(7,'27-12-19',31,' Processed'),(8,'03-11-20',18,'Awaiting Payment '),(9,'26-04-19',82,' Processed'),(10,'05-01-21',57,'Awaiting Payment ');
INSERT INTO "order_history" (id,date,id_order,order_status) VALUES (11,'15-08-20',65,' Processed'),(12,'03-08-19',67,'Awaiting Payment '),(13,'15-03-21',50,' Processed'),(14,'18-10-19',3,' Processed'),(15,'07-12-19',27,'Awaiting Payment '),(16,'23-03-20',24,' Processed'),(17,'29-07-20',90,' Ready for Shipping '),(18,'17-06-20',94,' Ready for Shipping '),(19,'18-05-20',71,'Awaiting Payment '),(20,'22-04-19',81,' Ready for Shipping ');
INSERT INTO "order_history" (id,date,id_order,order_status) VALUES (21,'06-05-19',27,' Processed'),(22,'25-05-20',16,' Processed'),(23,'25-04-20',53,'Awaiting Payment '),(24,'06-01-20',25,' Processed'),(25,'11-04-19',59,'Awaiting Payment '),(26,'20-12-20',46,' Ready for Shipping '),(27,'23-08-20',42,' Ready for Shipping '),(28,'16-10-20',100,' Processed'),(29,'13-01-21',32,'Awaiting Payment '),(30,'29-12-20',69,' Ready for Shipping ');
INSERT INTO "order_history" (id,date,id_order,order_status) VALUES (31,'09-12-19',55,'Awaiting Payment '),(32,'22-09-19',39,'Awaiting Payment '),(33,'01-01-20',67,' Processed'),(34,'23-03-21',93,' Ready for Shipping '),(35,'05-06-19',27,' Processed'),(36,'01-07-19',47,' Ready for Shipping '),(37,'07-02-20',76,' Ready for Shipping '),(38,'06-04-20',30,' Ready for Shipping '),(39,'04-06-20',38,' Ready for Shipping '),(40,'17-11-20',37,'Awaiting Payment ');
INSERT INTO "order_history" (id,date,id_order,order_status) VALUES (41,'09-06-19',46,'Awaiting Payment '),(42,'14-03-21',23,' Processed'),(43,'28-02-20',67,' Ready for Shipping '),(44,'22-08-19',49,'Awaiting Payment '),(45,'07-03-20',49,'Awaiting Payment '),(46,'03-03-21',11,' Processed'),(47,'13-02-21',42,'Awaiting Payment '),(48,'08-02-20',3,'Awaiting Payment '),(49,'20-08-20',98,'Awaiting Payment '),(50,'31-03-20',89,' Ready for Shipping ');
INSERT INTO "order_history" (id,date,id_order,order_status) VALUES (51,'09-11-19',37,' Processed'),(52,'16-12-19',73,'Awaiting Payment '),(53,'14-09-19',31,' Ready for Shipping '),(54,'11-11-20',98,' Processed'),(55,'27-12-19',76,'Awaiting Payment '),(56,'24-06-19',28,' Ready for Shipping '),(57,'22-10-20',72,' Processed'),(58,'06-07-20',84,' Processed'),(59,'14-08-19',59,'Awaiting Payment '),(60,'16-06-20',92,' Processed');
INSERT INTO "order_history" (id,date,id_order,order_status) VALUES (61,'16-09-19',3,'Awaiting Payment '),(62,'05-01-20',26,'Awaiting Payment '),(63,'27-11-19',71,' Processed'),(64,'20-04-19',55,' Ready for Shipping '),(65,'10-10-19',17,'Awaiting Payment '),(66,'24-09-20',81,'Awaiting Payment '),(67,'05-06-20',63,' Processed'),(68,'18-02-20',20,'Awaiting Payment '),(69,'04-01-20',19,' Processed'),(70,'13-07-19',80,' Processed');
INSERT INTO "order_history" (id,date,id_order,order_status) VALUES (71,'17-04-19',92,' Processed'),(72,'20-07-20',42,' Ready for Shipping '),(73,'23-03-20',4,' Ready for Shipping '),(74,'23-06-20',19,' Ready for Shipping '),(75,'31-03-20',4,' Ready for Shipping '),(76,'03-10-19',63,' Processed'),(77,'20-04-20',28,' Ready for Shipping '),(78,'20-06-20',94,' Ready for Shipping '),(79,'15-06-20',59,' Processed'),(80,'19-02-20',48,' Ready for Shipping ');
INSERT INTO "order_history" (id,date,id_order,order_status) VALUES (81,'07-11-20',39,' Ready for Shipping '),(82,'11-08-20',25,' Processed'),(83,'01-12-20',98,'Awaiting Payment '),(84,'05-03-20',31,' Processed'),(85,'22-01-21',44,' Processed'),(86,'07-01-20',72,' Processed'),(87,'13-08-19',6,'Awaiting Payment '),(88,'21-10-20',57,' Processed'),(89,'05-01-21',94,' Ready for Shipping '),(90,'22-03-20',29,' Ready for Shipping ');
INSERT INTO "order_history" (id,date,id_order,order_status) VALUES (91,'20-11-20',32,' Processed'),(92,'05-04-20',10,' Processed'),(93,'02-07-19',83,' Ready for Shipping '),(94,'02-10-19',82,' Processed'),(95,'26-09-20',64,' Processed'),(96,'12-12-19',100,' Ready for Shipping '),(97,'01-09-20',27,'Awaiting Payment '),(98,'18-06-20',100,' Processed'),(99,'13-03-21',52,' Ready for Shipping '),(100,'20-07-19',55,' Ready for Shipping ');

--R06
INSERT INTO "user" (id,username,email,password_hash,date,id_image,user_role) VALUES (1,' Tulips ',32,'WHQ60KLG6QR','28-09-20',46,'Costumer '),(2,' Orchids ',50,'FII32DBK5FC','14-12-19',2,' Manager'),(3,' Tulips ',30,'IRF18KKK7PI','09-11-19',50,'Costumer '),(4,' Tulips ',94,'IQR31NPU8QC','17-06-20',31,' Manager'),(5,' Tulips ',63,'ZGQ52FJE2ZN','21-08-20',34,'Costumer '),(6,' Vases ',37,'UPH60ZCF6UE','24-10-20',47,' Manager'),(7,'Flowers ',79,'UFU80USC5AZ','06-07-19',26,' Manager'),(8,' Vases ',99,'NZW53LPU8QZ','25-02-21',34,' Manager'),(9,'Flowers ',13,'EDW25MCO4ES','03-06-20',37,' Manager'),(10,'Flowers ',42,'NHG13NYI1ZG','05-10-19',46,'Costumer ');
INSERT INTO "user" (id,username,email,password_hash,date,id_image,user_role) VALUES (11,' Tulips ',47,'OIE08AIG5NI','20-04-20',36,' Manager'),(12,'Flowers ',13,'ZWE88ANC5AN','06-09-19',45,' Manager'),(13,' Vases ',33,'BRF93ZOR2IW','26-09-20',38,'Costumer '),(14,' Orchids ',70,'OGE21LZL6FK','29-10-19',1,' Manager'),(15,' Vases ',84,'JXI06CLH5GW','23-10-20',1,'Costumer '),(16,' Acessories',72,'HIZ90HAO1BR','18-10-19',8,' Manager'),(17,' Orchids ',34,'EBA94YGZ2VS','03-01-20',18,'Costumer '),(18,' Acessories',15,'HPA18LXV7TS','22-09-20',3,'Costumer '),(19,' Acessories',46,'NBB63LLK4OM','13-11-20',16,' Manager'),(20,'Flowers ',80,'MOT58NNL1PV','27-01-20',39,'Costumer ');
INSERT INTO "user" (id,username,email,password_hash,date,id_image,user_role) VALUES (21,'Flowers ',49,'YSD32ASJ2FI','13-03-21',37,'Costumer '),(22,'Flowers ',49,'GKQ57WSR4YH','14-01-21',6,'Costumer '),(23,' Orchids ',75,'HBW42JRU6XP','18-04-20',9,' Manager'),(24,' Vases ',27,'VJT07GLJ3WV','16-07-20',35,' Manager'),(25,' Vases ',93,'HRK96ZFQ6VB','08-07-20',6,' Manager'),(26,' Vases ',9,'PZZ65GTR5WN','03-05-20',48,' Manager'),(27,' Vases ',58,'CGQ68DIS2BH','05-05-20',23,'Costumer '),(28,' Tulips ',69,'UTZ48UNI5MF','17-06-19',20,' Manager'),(29,' Vases ',27,'FNO33EPW0FC','15-01-21',18,' Manager'),(30,' Vases ',15,'LAE39HSE9TA','16-08-20',36,'Costumer ');
INSERT INTO "user" (id,username,email,password_hash,date,id_image,user_role) VALUES (31,' Tulips ',37,'NIT20FVC8KG','21-07-19',22,'Costumer '),(32,' Orchids ',42,'JAD35NLD1TN','03-05-19',23,' Manager'),(33,'Flowers ',17,'DGS89UUE6SQ','24-11-20',17,' Manager'),(34,'Flowers ',81,'KOJ32TKQ1RA','13-06-20',47,' Manager'),(35,' Acessories',13,'TBZ45VQA6DU','08-01-21',10,'Costumer '),(36,'Flowers ',68,'DNQ77FMG5TI','23-02-20',8,' Manager'),(37,' Vases ',78,'ULA04CIF3JL','10-09-19',34,'Costumer '),(38,' Vases ',6,'FPR36HRN6EX','26-10-20',27,' Manager'),(39,'Flowers ',16,'JMR37TXN3GN','21-04-20',49,' Manager'),(40,' Orchids ',78,'ILL22PAP9NW','29-06-19',42,' Manager');
INSERT INTO "user" (id,username,email,password_hash,date,id_image,user_role) VALUES (41,' Vases ',79,'CKF17OTD6FV','07-11-19',17,' Manager'),(42,' Tulips ',27,'XLQ81SHP9BK','14-01-20',35,'Costumer '),(43,' Tulips ',91,'VPY83CIU1LT','12-07-20',30,'Costumer '),(44,' Tulips ',25,'MLH60ZRH3XO','07-04-19',9,'Costumer '),(45,' Vases ',21,'UHH04BXR9MF','12-03-20',37,'Costumer '),(46,' Vases ',46,'PCB02KCJ7IF','27-12-19',47,' Manager'),(47,' Acessories',53,'URV90FUA4HP','28-11-19',13,'Costumer '),(48,' Tulips ',38,'SCO42VKG2EV','16-11-19',18,'Costumer '),(49,' Vases ',65,'ZFG72UIF0DN','16-01-20',14,' Manager'),(50,' Orchids ',79,'CIA81WNP8ZK','30-03-19',48,'Costumer ');

--R07
INSERT INTO "wishlist" (id,name,id_user) VALUES (1,' Tulips ',29),(2,' Vases ',30),(3,' Orchids ',90),(4,' Tulips ',22),(5,' Orchids ',7),(6,' Tulips ',72),(7,' Tulips ',96),(8,' Orchids ',24),(9,' Orchids ',58),(10,' Vases ',52);
INSERT INTO "wishlist" (id,name,id_user) VALUES (11,' Tulips ',38),(12,' Acessories',51),(13,'Flowers ',15),(14,'Flowers ',47),(15,' Orchids ',65),(16,' Orchids ',27),(17,' Tulips ',4),(18,'Flowers ',11),(19,' Vases ',21),(20,' Orchids ',20);
INSERT INTO "wishlist" (id,name,id_user) VALUES (21,' Tulips ',9),(22,' Acessories',9),(23,' Vases ',98),(24,'Flowers ',96),(25,' Tulips ',38),(26,'Flowers ',99),(27,' Tulips ',79),(28,' Tulips ',62),(29,' Orchids ',60),(30,' Tulips ',16);
INSERT INTO "wishlist" (id,name,id_user) VALUES (31,' Orchids ',38),(32,' Tulips ',82),(33,' Acessories',86),(34,' Tulips ',12),(35,' Tulips ',86),(36,' Tulips ',28),(37,' Acessories',15),(38,' Tulips ',20),(39,' Tulips ',3),(40,' Acessories',10);
INSERT INTO "wishlist" (id,name,id_user) VALUES (41,' Orchids ',8),(42,' Tulips ',96),(43,' Tulips ',99),(44,' Tulips ',59),(45,' Tulips ',76),(46,' Orchids ',14),(47,' Vases ',78),(48,' Acessories',88),(49,'Flowers ',6),(50,' Orchids ',9);

--R08
INSERT INTO wishlist_product (id_product,id_wishlist) VALUES (32,20),(25,32),(31,18),(65,21),(93,18),(45,26),(77,20),(1,5),(60,8),(59,14);
INSERT INTO wishlist_product (id_product,id_wishlist) VALUES (93,27),(15,24),(5,15),(55,21),(17,33),(24,4),(53,38),(34,3),(18,23),(23,31);
INSERT INTO wishlist_product (id_product,id_wishlist) VALUES (78,39),(64,3),(26,34),(65,2),(28,8),(89,22),(93,17),(96,38),(7,17),(21,4);
INSERT INTO wishlist_product (id_product,id_wishlist) VALUES (85,14),(17,29),(81,9),(46,16),(51,6),(84,40),(2,22),(71,14),(16,25),(19,34);
INSERT INTO wishlist_product (id_product,id_wishlist) VALUES (92,12),(85,17),(30,23),(81,31),(23,29),(55,25),(91,14),(93,21),(34,28),(11,18);
INSERT INTO wishlist_product (id_product,id_wishlist) VALUES (69,33),(14,8),(4,28),(87,20),(85,31),(21,16),(39,3),(50,2),(9,10),(5,31);
INSERT INTO wishlist_product (id_product,id_wishlist) VALUES (15,16),(2,17),(67,16),(53,20),(29,4),(96,10),(92,21),(52,32),(51,8),(86,6);
INSERT INTO wishlist_product (id_product,id_wishlist) VALUES (94,36),(27,4),(94,19),(22,40),(69,7),(45,5),(36,10),(57,11),(31,36),(39,16);
INSERT INTO wishlist_product (id_product,id_wishlist) VALUES (42,17),(30,36),(53,4),(42,28),(85,15),(27,27),(91,25),(90,16),(99,37),(86,31);
INSERT INTO wishlist_product (id_product,id_wishlist) VALUES (15,38),(75,3),(45,24),(60,24),(77,12),(48,28),(15,33),(69,34),(17,10),(20,15);

--R09
INSERT INTO shopping_cart (id_user,id_product,quantity) VALUES (43,70,10),(2,44,14),(1,38,17),(21,14,11),(40,68,15),(22,81,20),(24,35,19),(27,87,11),(24,8,7),(2,20,9);
INSERT INTO shopping_cart (id_user,id_product,quantity) VALUES (37,6,9),(17,98,18),(21,12,12),(48,85,18),(48,49,20),(17,49,4),(25,13,8),(41,18,20),(29,36,14),(20,9,20);
INSERT INTO shopping_cart (id_user,id_product,quantity) VALUES (25,35,12),(11,12,10),(46,60,5),(32,36,4),(11,96,1),(12,47,17),(27,55,7),(48,86,1),(26,88,9),(43,96,17);
INSERT INTO shopping_cart (id_user,id_product,quantity) VALUES (19,55,8),(38,45,1),(13,1,1),(29,78,19),(23,84,6),(46,43,20),(50,93,10),(13,56,16),(22,24,18),(18,18,17);
INSERT INTO shopping_cart (id_user,id_product,quantity) VALUES (20,65,3),(46,59,10),(45,3,16),(12,16,8),(15,17,10),(33,98,9),(4,87,9),(50,60,6),(9,37,17),(33,1,15);
INSERT INTO shopping_cart (id_user,id_product,quantity) VALUES (17,95,8),(36,43,6),(44,18,6),(38,12,4),(30,25,15),(14,98,16),(48,82,8),(8,27,8),(20,50,1),(25,5,6);
INSERT INTO shopping_cart (id_user,id_product,quantity) VALUES (7,68,11),(22,11,2),(25,51,20),(8,72,5),(47,72,3),(7,50,12),(41,33,1),(25,54,11),(37,1,10),(24,43,18);
INSERT INTO shopping_cart (id_user,id_product,quantity) VALUES (39,75,2),(6,100,1),(2,16,11),(16,78,1),(46,14,3),(15,29,19),(5,97,10),(8,18,6),(45,36,11),(31,36,6);
INSERT INTO shopping_cart (id_user,id_product,quantity) VALUES (27,56,8),(45,62,12),(38,83,6),(33,34,11),(40,30,1),(49,64,11),(8,52,16),(10,92,15),(29,98,15),(10,29,6);
INSERT INTO shopping_cart (id_user,id_product,quantity) VALUES (7,72,3),(44,19,1),(35,96,14),(23,57,10),(37,35,20),(14,48,18),(34,55,4),(40,66,17),(32,73,14),(35,93,11);

--R10
INSERT INTO discount (id,"percentage",date_begin,date_end) VALUES (1,96,'2019-04-11','2019-12-21'),(2,88,'2020-02-25','2020-06-26'),(3,2,'2020-01-11','2020-02-02'),(4,88,'2019-08-03','2019-11-09');
INSERT INTO discount (id,"percentage",date_begin,date_end) VALUES (5,2,'2020-02-01','2020-09-20'),(6,3,'2020-03-10','2020-07-30'),(7,53,'2019-02-25','2020-06-29'),(8,41,'2020-10-21','2021-01-27');
INSERT INTO discount (id,"percentage",date_begin,date_end) VALUES (9,42,'2019-04-18','2020-11-30'),(10,94,'2020-08-11','2021-07-07'),(11,33,'2019-06-12','2020-04-21'),(12,65,'2019-09-27','2019-12-21');
INSERT INTO discount (id,"percentage",date_begin,date_end) VALUES (13,31,'2020-06-30','2020-07-05'),(14,27,'2020-03-20','2020-07-07'),(15,77,'2019-12-11','2020-03-10'),(16,4,'2019-04-07','2020-06-21');
INSERT INTO discount (id,"percentage",date_begin,date_end) VALUES (17,18,'2021-03-25','2019-08-17'),(18,79,'2020-05-18','2020-12-05'),(19,47,'2020-07-13','2021-02-08'),(20,80,'2020-10-10','2020-10-20');

--R11
INSERT INTO discount_code (id_discount,code) VALUES (2,'Guy'),(4,'Yoshi'),(1,'Callie'),(5,'Raja'),(16,'Rudyard');
INSERT INTO discount_code (id_discount,code) VALUES (20,'Noelani'),(9,'Ralph'),(6,'Russell'),(7,'Nehru'),(10,'Salvador');

--R12
INSERT INTO "apply" (id_product,id_discount) VALUES (21,4),(10,1),(27,14),(44,3),(91,14);
INSERT INTO "apply" (id_product,id_discount) VALUES (20,11),(95,8),(34,1),(55,11),(49,18);
INSERT INTO "apply" (id_product,id_discount) VALUES (84,10),(96,17),(6,18),(20,9),(63,8);
INSERT INTO "apply" (id_product,id_discount) VALUES (35,14),(26,20),(28,11),(26,6),(78,10);
INSERT INTO "apply" (id_product,id_discount) VALUES (66,15),(64,17),(34,2),(18,11),(83,12);
INSERT INTO "apply" (id_product,id_discount) VALUES (76,15),(82,11),(59,20),(91,16),(89,16);
INSERT INTO "apply" (id_product,id_discount) VALUES (3,20),(30,10),(60,20),(39,4),(26,11);
INSERT INTO "apply" (id_product,id_discount) VALUES (94,4),(99,8),(37,14),(25,7),(36,18);
INSERT INTO "apply" (id_product,id_discount) VALUES (32,11),(89,15),(27,20),(51,18),(2,2);
INSERT INTO "apply" (id_product,id_discount) VALUES (87,18),(46,8),(66,4),(82,7),(76,11);

--R13
INSERT INTO tag (id,"name") VALUES (1,'Winifred'),(2,'Aspen'),(3,'Audrey'),(4,'April');
INSERT INTO tag (id,"name") VALUES (5,'Grace'),(6,'Martena'),(7,'Lilah'),(8,'Alika');
INSERT INTO tag (id,"name") VALUES (9,'Yen'),(10,'Haviva'),(11,'Gisela'),(12,'Bertha');
INSERT INTO tag (id,"name") VALUES (13,'Hadassah'),(14,'Dai'),(15,'Brooke'),(16,'Xandra');
INSERT INTO tag (id,"name") VALUES (17,'Sydnee'),(18,'Quon'),(19,'Clare'),(20,'Xyla');

--R14
INSERT INTO product_tag (id_tag,id_product) VALUES (15,61),(9,42),(11,71),(5,95),(10,67);
INSERT INTO product_tag (id_tag,id_product) VALUES (16,27),(20,66),(15,58),(17,38),(9,22);
INSERT INTO product_tag (id_tag,id_product) VALUES (10,28),(9,9),(18,29),(18,93),(15,76);
INSERT INTO product_tag (id_tag,id_product) VALUES (2,30),(1,17),(9,11),(4,91),(9,13);
INSERT INTO product_tag (id_tag,id_product) VALUES (7,15),(9,72),(11,92),(16,60),(18,74);
INSERT INTO product_tag (id_tag,id_product) VALUES (12,35),(9,98),(17,56),(15,58),(17,49);
INSERT INTO product_tag (id_tag,id_product) VALUES (3,3),(11,35),(19,10),(9,77),(17,78);
INSERT INTO product_tag (id_tag,id_product) VALUES (4,22),(18,40),(8,100),(3,51),(16,6);
INSERT INTO product_tag (id_tag,id_product) VALUES (2,26),(17,76),(16,100),(9,93),(20,56);
INSERT INTO product_tag (id_tag,id_product) VALUES (20,89),(15,65),(15,51),(8,67),(4,70);

--R15
INSERT INTO ticket (id,ticket_type,id_user) VALUES (1,'Faulty_Delivery',18),(2,'Product_Complaint',1),(3,'Faulty_Delivery',5),(4,'Faulty_Delivery',8);
INSERT INTO ticket (id,ticket_type,id_user) VALUES (5,'Faulty_Delivery',9),(6,'Payment_Error',8),(7,'Payment_Error',8),(8,'Payment_Error',11);

--R16
INSERT INTO ticket_message (id,send_date,"message",id_ticket,id_user) VALUES (1,'2019-06-27 06:48:10','I cought the delivery man throwing my package at the door. It was a bonsai. I want my money back. NOW.',4,8);
INSERT INTO ticket_message (id,send_date,"message",id_ticket,id_user) VALUES (2,'2020-09-27 20:36:10','Im waiting for my delivery for a thousand days now, just give me my money back...',5,9);
INSERT INTO ticket_message (id,send_date,"message",id_ticket,id_user) VALUES (3,'2021-01-09 10:50:51','I got my orqid last wek and its already ded. Found later that u shud water it... y isnt on the package that shud water it???!!!',2,1);
INSERT INTO ticket_message (id,send_date,"message",id_ticket,id_user) VALUES (4,'2020-10-28 10:13:18','My Plant arrived at my house wrapped in bubble-wrap. Who hired that packager?.. I demand imediate restitution of my money!',3,5);
INSERT INTO ticket_message (id,send_date,"message",id_ticket,id_user) VALUES (5,'2019-05-28 11:09:46','My Plant came in a box. It was dead. WTH IS WRONG WITH YOU PEOPLE????',1,18);
INSERT INTO ticket_message (id,send_date,"message",id_ticket,id_user) VALUES (6,'2020-01-12 08:32:52','My reference expired and paid after. Now it demands the payment again. HELL NO. Give me my order or give me back my money.',6,8);
INSERT INTO ticket_message (id,send_date,"message",id_ticket,id_user) VALUES (7,'2019-10-16 11:28:11','Stripe is down. I dont trust bank references. Please fix this issue.',8,11);
INSERT INTO ticket_message (id,send_date,"message",id_ticket,id_user) VALUES (8,'2020-09-19 16:00:17','Dude, I read sprite on phone and I like order a bunch of bottles, like, weird way of payment but ok, i guess you guys need it. But the order didnt ship it, then i realize it said stripe... Can i pay with bottles of soda now??? PS: Pls keep selling that sativa, the best i ever had bros!',7,8);

--R17
INSERT INTO ticket_history (id,"date",ticket_status,id_ticket) VALUES (1,'2019-06-24 23:00:54','In_Progress',5),(2,'2020-09-28 07:59:42','In_Progress',8);
INSERT INTO ticket_history (id,"date",ticket_status,id_ticket) VALUES (3,'2021-01-09 10:50:51','Opened',4),(4,'2020-11-01 23:49:25','Closed',1);
INSERT INTO ticket_history (id,"date",ticket_status,id_ticket) VALUES (5,'2019-05-29 11:09:46','Opened',8),(6,'2020-01-13 07:57:42','In_Progress',7);
INSERT INTO ticket_history (id,"date",ticket_status,id_ticket) VALUES (7,'2019-10-18 15:14:24','Closed',5),(8,'2020-09-19 16:00:17','Opened',4);

--R18
INSERT INTO "image" (id,"path","description") VALUES (1,'../assets/orquideas.jpg','Rose Orchid');
INSERT INTO "image" (id,"path","description") VALUES (2,'../assets/vaso.jpg','XPR Vase');
INSERT INTO "image" (id,"path","description") VALUES (3,'../assets/bonsai2.jpg','Bonsai CRT');
INSERT INTO "image" (id,"path","description") VALUES (4,'../assets/tulipas.jpg','Orange Tulips');
INSERT INTO "image" (id,"path","description") VALUES (5,'../assets/meatrose_indoor.jpg','Meat Rose');
INSERT INTO "image" (id,"path","description") VALUES (6,'../assets/reddahlia_indoor.jpg','Red Dahlias');
INSERT INTO "image" (id,"path","description") VALUES (7,'../assets/pinktulips_indoor.jpg','Pink Tulips');
INSERT INTO "image" (id,"path","description") VALUES (8,'../assets/sativa_indoor.jpg','Sativa Prime');
INSERT INTO "image" (id,"path","description") VALUES (9,'../assets/greenpalm_outdoor.jpg','Green Palm Tree');
INSERT INTO "image" (id,"path","description") VALUES (10,'../assets/lavender_outdoor.jpg','Lavender Premium');
INSERT INTO "image" (id,"path","description") VALUES (11,'../assets/mohammad-faruque-AgYOuy8kA7M-unsplash.jpg','Mohammad Faruque');
INSERT INTO "image" (id,"path","description") VALUES (12,'../assets/dannie_almir.jpg','Dannie Almir');
INSERT INTO "image" (id,"path","description") VALUES (13,'../assets/simone.jpeg','Simone Biles');
INSERT INTO "image" (id,"path","description") VALUES (14,'../assets/sisay_jeremiah_small.jpg','Sisay Jeremiah');

--R19
INSERT INTO product_image (id_image,id_product) VALUES (1,33);
INSERT INTO product_image (id_image,id_product) VALUES (2,47);
INSERT INTO product_image (id_image,id_product) VALUES (3,45);
INSERT INTO product_image (id_image,id_product) VALUES (4,31);
INSERT INTO product_image (id_image,id_product) VALUES (5,43);
INSERT INTO product_image (id_image,id_product) VALUES (6,27);
INSERT INTO product_image (id_image,id_product) VALUES (7,32);
INSERT INTO product_image (id_image,id_product) VALUES (8,3);
INSERT INTO product_image (id_image,id_product) VALUES (9,21);
INSERT INTO product_image (id_image,id_product) VALUES (10,33);

--R20
INSERT INTO user_removal (id,reason,username,removed_at) VALUES (1,'i just wanted to buy a gift for my vegan gf','whatever123123','2019-04-19 05:29:18');
INSERT INTO user_removal (id,reason,username,removed_at) VALUES (2,'my mom caught me gardening. she made me delete this. sry guyz','tr335_4r3_n07_d34d','2019-12-22 14:07:28');
