--R18
INSERT INTO "image" (id,"path","description") VALUES (1,'../assets/orquideas.jpg','Rose Orchid');
INSERT INTO "image" (id,"path","description") VALUES (2,'../assets/vaso.jpg','XPR Vase');
INSERT INTO "image" (id,"path","description") VALUES (3,'../assets/bonsai2.jpg','Bonsai CRT');
INSERT INTO "image" (id,"path","description") VALUES (4,'../assets/tulipas.jpg','Orange Tulips');
INSERT INTO "image" (id,"path","description") VALUES (5,'../assets/meatrose_indoor.jpg','Meat Rose');
INSERT INTO "image" (id,"path","description") VALUES (6,'../assets/reddahlia_indoor.jpg','Red Dahlias');
INSERT INTO "image" (id,"path","description") VALUES (7,'../assets/pinktulips_indoor.jpg','Pink Tulips');
INSERT INTO "image" (id,"path","description") VALUES (8,'../assets/sativa_indoor.jpg','Sativa Prime');
INSERT INTO "image" (id,"path","description") VALUES (9,'../assets/greenpalm_outdoor.jpg','Green Palm Tree');
INSERT INTO "image" (id,"path","description") VALUES (10,'../assets/lavender_outdoor.jpg','Lavender Premium');
INSERT INTO "image" (id,"path","description") VALUES (11,'../assets/mohammad-faruque-AgYOuy8kA7M-unsplash.jpg','Mohammad Faruque');
INSERT INTO "image" (id,"path","description") VALUES (12,'../assets/dannie_almir.jpg','Dannie Almir');
INSERT INTO "image" (id,"path","description") VALUES (13,'../assets/simone.jpeg','Simone Biles');
INSERT INTO "image" (id,"path","description") VALUES (14,'../assets/sisay_jeremiah_small.jpg','Sisay Jeremiah');

--R01
INSERT INTO product (id,"name","description",price,stock,views) VALUES (1,'Erica carnea White',
'This variety will provide you with white flowers and plenty of interest in your garden or on your patio long after other 
flowers have faded and the garden takes on a somewhat barren look. Not as fussy with soil as their counterparts, 
they will thrive in any well drained soil and form a low maintenance ground cover plant.',16.00,50,100),
                                                                   (2,'Amaryllis Floris Hekker',
'Hippeastrum Amaryllis Floris Hekker is an excellent variety to help brighten up your home. It produces plenty of large 
velvety-red blooms with deep dark red centres.It’s a great variety for an eye-catching display in your home or as a memorable
gift for a very special person. Plant your Amaryllis 8 weeks before you would like them to bloom!',18.00,50,150),
                                                                    (3,'Mini Lemon Tree',
'This cold resistant Lemon tree is highly decorative providing year round interest with its glossy evergreen leaves, 
pretty fragrant flowers and edible fruit.These miniature trees are easy to care for and ideal for on a sunny windowsill indoors, 
they can also be moved outdoors once temperatures are above freezing. ',26.00,50,650),
                                                                    (4,'Mini Phalaenopsis Purple',
'This New Miniature Phalaenopsis is so unusual and so cute. It arrives in flower making a wonderful gift. 
The long lasting dark Purple flowers make them perfect as centrepieces.',30.00,50,450),
                                                                    (5,'Crassula perforata Giant Form',
'Crassula perforata Giant Form is a rare succulent plant with pretty bluish red tips which sets off the grey/blue foliage beautifully. 
Jade plants make great housewarming gifts as they are often called the money plant 
or dollar plant, because they were once thought to bring good luck to their owners.',14.00,50,451),
                                                                    (6,'Aloes mitriformis fluorescent',
'This dwarf version of Aloe has strong sturdy leaves arranged in rosettes with fine yellow-white serrations.
It is useful for many skin conditions as it eases pain and reduces inflammation.
Aloe also makes a great houseplant, it is very easy to grow and will thrive on any sunny windowsill 
with the minimum of effort.',20.00,50,450),
                                                                    (7,'Gardenia jasminoides',
'This beautiful plant is perfect for both indoors and out. The lovely rose-like flowers in ivory-white emit a heavy scent 
perfuming your living room or patio. In the language of flowers gardenia signifies ‘secret love’ 
and represents purity, refinement and peace.',14.00,50,784),
                                                                    (8,'Mini Apple Tree Malus Red Spur',
'Harvest your own delicious apples from this fine self-fertile mini apple tree. It produces full sized tasty
 fruit and makes an impressive display on your patio, decking, or just in the garden.',36.00,50,364),
                                                                    (9,'Aquilegia Spring Magic Blue',
'Aquilegia or Columbines produce fabulous shaped flowers which will be the talking point of your neighbours.
The dainty blooms with elegant spurs are exquisite and will come back to grace your garden year after year.
They are hardy, grow in sun or partial shade and are suitable for your herbaceous borders or for planters on your patio or decking.',22.00,50,123),
                                                                    (10,'Climbing Rose New Dawn',
'Climbing rose New Dawn is thought by many to be one of the best repeat-flowering climbing rose, producing medium sized, 
silvery blush-pink semi-double blossoms in attractive clusters with a sweet fruity fragrance all summer long.  
This vigorous climber flourishes in both sun or partial shade and its attractive dark green glossy foliage has 
a good disease resistance.',65.00,50,1204);
INSERT INTO product (id,"name","description",price,stock,views) VALUES (11,'Erica carnea White',
'This variety will provide you with white flowers and plenty of interest in your garden or on your patio long after other 
flowers have faded and the garden takes on a somewhat barren look. Not as fussy with soil as their counterparts, 
they will thrive in any well drained soil and form a low maintenance ground cover plant.',16.00,50,100),
                                                                   (12,'Amaryllis Floris Hekker',
'Hippeastrum Amaryllis Floris Hekker is an excellent variety to help brighten up your home. It produces plenty of large 
velvety-red blooms with deep dark red centres.It’s a great variety for an eye-catching display in your home or as a memorable
gift for a very special person. Plant your Amaryllis 8 weeks before you would like them to bloom!',18.00,50,150),
                                                                    (13,'Mini Lemon Tree',
'This cold resistant Lemon tree is highly decorative providing year round interest with its glossy evergreen leaves, 
pretty fragrant flowers and edible fruit.These miniature trees are easy to care for and ideal for on a sunny windowsill indoors, 
they can also be moved outdoors once temperatures are above freezing. ',26.00,50,650),
                                                                    (14,'Mini Phalaenopsis Purple',
'This New Miniature Phalaenopsis is so unusual and so cute. It arrives in flower making a wonderful gift. 
The long lasting dark Purple flowers make them perfect as centrepieces.',30.00,50,450),
                                                                    (15,'Crassula perforata Giant Form',
'Crassula perforata Giant Form is a rare succulent plant with pretty bluish red tips which sets off the grey/blue foliage beautifully. 
Jade plants make great housewarming gifts as they are often called the money plant 
or dollar plant, because they were once thought to bring good luck to their owners.',14.00,50,451),
                                                                    (16,'Aloes mitriformis fluorescent',
'This dwarf version of Aloe has strong sturdy leaves arranged in rosettes with fine yellow-white serrations.
It is useful for many skin conditions as it eases pain and reduces inflammation.
Aloe also makes a great houseplant, it is very easy to grow and will thrive on any sunny windowsill 
with the minimum of effort.',20.00,50,450),
                                                                    (17,'Gardenia jasminoides',
'This beautiful plant is perfect for both indoors and out. The lovely rose-like flowers in ivory-white emit a heavy scent 
perfuming your living room or patio. In the language of flowers gardenia signifies ‘secret love’ 
and represents purity, refinement and peace.',14.00,50,784),
                                                                    (18,'Mini Apple Tree Malus Red Spur',
'Harvest your own delicious apples from this fine self-fertile mini apple tree. It produces full sized tasty
 fruit and makes an impressive display on your patio, decking, or just in the garden.',36.00,50,364),
                                                                    (19,'Aquilegia Spring Magic Blue',
'Aquilegia or Columbines produce fabulous shaped flowers which will be the talking point of your neighbours.
The dainty blooms with elegant spurs are exquisite and will come back to grace your garden year after year.
They are hardy, grow in sun or partial shade and are suitable for your herbaceous borders or for planters on your patio or decking.',22.00,50,123),
                                                                    (20,'Climbing Rose New Dawn',
'Climbing rose New Dawn is thought by many to be one of the best repeat-flowering climbing rose, producing medium sized, 
silvery blush-pink semi-double blossoms in attractive clusters with a sweet fruity fragrance all summer long.  
This vigorous climber flourishes in both sun or partial shade and its attractive dark green glossy foliage has 
a good disease resistance.',65.00,50,1204);
INSERT INTO product (id,"name","description",price,stock,views) VALUES (21,'Erica carnea White',
'This variety will provide you with white flowers and plenty of interest in your garden or on your patio long after other 
flowers have faded and the garden takes on a somewhat barren look. Not as fussy with soil as their counterparts, 
they will thrive in any well drained soil and form a low maintenance ground cover plant.',16.00,50,100),
                                                                   (22,'Amaryllis Floris Hekker',
'Hippeastrum Amaryllis Floris Hekker is an excellent variety to help brighten up your home. It produces plenty of large 
velvety-red blooms with deep dark red centres.It’s a great variety for an eye-catching display in your home or as a memorable
gift for a very special person. Plant your Amaryllis 8 weeks before you would like them to bloom!',18.00,50,150),
                                                                    (23,'Mini Lemon Tree',
'This cold resistant Lemon tree is highly decorative providing year round interest with its glossy evergreen leaves, 
pretty fragrant flowers and edible fruit.These miniature trees are easy to care for and ideal for on a sunny windowsill indoors, 
they can also be moved outdoors once temperatures are above freezing. ',26.00,50,650),
                                                                    (24,'Mini Phalaenopsis Purple',
'This New Miniature Phalaenopsis is so unusual and so cute. It arrives in flower making a wonderful gift. 
The long lasting dark Purple flowers make them perfect as centrepieces.',30.00,50,450),
                                                                    (25,'Crassula perforata Giant Form',
'Crassula perforata Giant Form is a rare succulent plant with pretty bluish red tips which sets off the grey/blue foliage beautifully. 
Jade plants make great housewarming gifts as they are often called the money plant 
or dollar plant, because they were once thought to bring good luck to their owners.',14.00,50,451),
                                                                    (26,'Aloes mitriformis fluorescent',
'This dwarf version of Aloe has strong sturdy leaves arranged in rosettes with fine yellow-white serrations.
It is useful for many skin conditions as it eases pain and reduces inflammation.
Aloe also makes a great houseplant, it is very easy to grow and will thrive on any sunny windowsill 
with the minimum of effort.',20.00,50,450),
                                                                    (27,'Gardenia jasminoides',
'This beautiful plant is perfect for both indoors and out. The lovely rose-like flowers in ivory-white emit a heavy scent 
perfuming your living room or patio. In the language of flowers gardenia signifies ‘secret love’ 
and represents purity, refinement and peace.',14.00,50,784),
                                                                    (28,'Mini Apple Tree Malus Red Spur',
'Harvest your own delicious apples from this fine self-fertile mini apple tree. It produces full sized tasty
 fruit and makes an impressive display on your patio, decking, or just in the garden.',36.00,50,364),
                                                                    (29,'Aquilegia Spring Magic Blue',
'Aquilegia or Columbines produce fabulous shaped flowers which will be the talking point of your neighbours.
The dainty blooms with elegant spurs are exquisite and will come back to grace your garden year after year.
They are hardy, grow in sun or partial shade and are suitable for your herbaceous borders or for planters on your patio or decking.',22.00,50,123),
                                                                    (30,'Climbing Rose New Dawn',
'Climbing rose New Dawn is thought by many to be one of the best repeat-flowering climbing rose, producing medium sized, 
silvery blush-pink semi-double blossoms in attractive clusters with a sweet fruity fragrance all summer long.  
This vigorous climber flourishes in both sun or partial shade and its attractive dark green glossy foliage has 
a good disease resistance.',65.00,50,1204);
INSERT INTO product (id,"name","description",price,stock,views) VALUES (31,'Erica carnea White',
'This variety will provide you with white flowers and plenty of interest in your garden or on your patio long after other 
flowers have faded and the garden takes on a somewhat barren look. Not as fussy with soil as their counterparts, 
they will thrive in any well drained soil and form a low maintenance ground cover plant.',16.00,50,100),
                                                                   (32,'Amaryllis Floris Hekker',
'Hippeastrum Amaryllis Floris Hekker is an excellent variety to help brighten up your home. It produces plenty of large 
velvety-red blooms with deep dark red centres.It’s a great variety for an eye-catching display in your home or as a memorable
gift for a very special person. Plant your Amaryllis 8 weeks before you would like them to bloom!',18.00,50,150),
                                                                    (33,'Mini Lemon Tree',
'This cold resistant Lemon tree is highly decorative providing year round interest with its glossy evergreen leaves, 
pretty fragrant flowers and edible fruit.These miniature trees are easy to care for and ideal for on a sunny windowsill indoors, 
they can also be moved outdoors once temperatures are above freezing. ',26.00,50,650),
                                                                    (34,'Mini Phalaenopsis Purple',
'This New Miniature Phalaenopsis is so unusual and so cute. It arrives in flower making a wonderful gift. 
The long lasting dark Purple flowers make them perfect as centrepieces.',30.00,50,450),
                                                                    (35,'Crassula perforata Giant Form',
'Crassula perforata Giant Form is a rare succulent plant with pretty bluish red tips which sets off the grey/blue foliage beautifully. 
Jade plants make great housewarming gifts as they are often called the money plant 
or dollar plant, because they were once thought to bring good luck to their owners.',14.00,50,451),
                                                                    (36,'Aloes mitriformis fluorescent',
'This dwarf version of Aloe has strong sturdy leaves arranged in rosettes with fine yellow-white serrations.
It is useful for many skin conditions as it eases pain and reduces inflammation.
Aloe also makes a great houseplant, it is very easy to grow and will thrive on any sunny windowsill 
with the minimum of effort.',20.00,50,450),
                                                                    (37,'Gardenia jasminoides',
'This beautiful plant is perfect for both indoors and out. The lovely rose-like flowers in ivory-white emit a heavy scent 
perfuming your living room or patio. In the language of flowers gardenia signifies ‘secret love’ 
and represents purity, refinement and peace.',14.00,50,784),
                                                                    (38,'Mini Apple Tree Malus Red Spur',
'Harvest your own delicious apples from this fine self-fertile mini apple tree. It produces full sized tasty
 fruit and makes an impressive display on your patio, decking, or just in the garden.',36.00,50,364),
                                                                    (39,'Aquilegia Spring Magic Blue',
'Aquilegia or Columbines produce fabulous shaped flowers which will be the talking point of your neighbours.
The dainty blooms with elegant spurs are exquisite and will come back to grace your garden year after year.
They are hardy, grow in sun or partial shade and are suitable for your herbaceous borders or for planters on your patio or decking.',22.00,50,123),
                                                                    (40,'Climbing Rose New Dawn',
'Climbing rose New Dawn is thought by many to be one of the best repeat-flowering climbing rose, producing medium sized, 
silvery blush-pink semi-double blossoms in attractive clusters with a sweet fruity fragrance all summer long.  
This vigorous climber flourishes in both sun or partial shade and its attractive dark green glossy foliage has 
a good disease resistance.',65.00,50,1204);
INSERT INTO product (id,"name","description",price,stock,views) VALUES (41,'Erica carnea White',
'This variety will provide you with white flowers and plenty of interest in your garden or on your patio long after other 
flowers have faded and the garden takes on a somewhat barren look. Not as fussy with soil as their counterparts, 
they will thrive in any well drained soil and form a low maintenance ground cover plant.',16.00,50,100),
                                                                   (42,'Amaryllis Floris Hekker',
'Hippeastrum Amaryllis Floris Hekker is an excellent variety to help brighten up your home. It produces plenty of large 
velvety-red blooms with deep dark red centres.It’s a great variety for an eye-catching display in your home or as a memorable
gift for a very special person. Plant your Amaryllis 8 weeks before you would like them to bloom!',18.00,50,150),
                                                                    (43,'Mini Lemon Tree',
'This cold resistant Lemon tree is highly decorative providing year round interest with its glossy evergreen leaves, 
pretty fragrant flowers and edible fruit.These miniature trees are easy to care for and ideal for on a sunny windowsill indoors, 
they can also be moved outdoors once temperatures are above freezing. ',26.00,50,650),
                                                                    (44,'Mini Phalaenopsis Purple',
'This New Miniature Phalaenopsis is so unusual and so cute. It arrives in flower making a wonderful gift. 
The long lasting dark Purple flowers make them perfect as centrepieces.',30.00,50,450),
                                                                    (45,'Crassula perforata Giant Form',
'Crassula perforata Giant Form is a rare succulent plant with pretty bluish red tips which sets off the grey/blue foliage beautifully. 
Jade plants make great housewarming gifts as they are often called the money plant 
or dollar plant, because they were once thought to bring good luck to their owners.',14.00,50,451),
                                                                    (46,'Aloes mitriformis fluorescent',
'This dwarf version of Aloe has strong sturdy leaves arranged in rosettes with fine yellow-white serrations.
It is useful for many skin conditions as it eases pain and reduces inflammation.
Aloe also makes a great houseplant, it is very easy to grow and will thrive on any sunny windowsill 
with the minimum of effort.',20.00,50,450),
                                                                    (47,'Gardenia jasminoides',
'This beautiful plant is perfect for both indoors and out. The lovely rose-like flowers in ivory-white emit a heavy scent 
perfuming your living room or patio. In the language of flowers gardenia signifies ‘secret love’ 
and represents purity, refinement and peace.',14.00,50,784),
                                                                    (48,'Mini Apple Tree Malus Red Spur',
'Harvest your own delicious apples from this fine self-fertile mini apple tree. It produces full sized tasty
 fruit and makes an impressive display on your patio, decking, or just in the garden.',36.00,50,364),
                                                                    (49,'Aquilegia Spring Magic Blue',
'Aquilegia or Columbines produce fabulous shaped flowers which will be the talking point of your neighbours.
The dainty blooms with elegant spurs are exquisite and will come back to grace your garden year after year.
They are hardy, grow in sun or partial shade and are suitable for your herbaceous borders or for planters on your patio or decking.',22.00,50,123),
                                                                    (50,'Climbing Rose New Dawn',
'Climbing rose New Dawn is thought by many to be one of the best repeat-flowering climbing rose, producing medium sized, 
silvery blush-pink semi-double blossoms in attractive clusters with a sweet fruity fragrance all summer long.  
This vigorous climber flourishes in both sun or partial shade and its attractive dark green glossy foliage has 
a good disease resistance.',65.00,50,1204);
INSERT INTO product (id,"name","description",price,stock,views) VALUES (51,'Erica carnea White',
'This variety will provide you with white flowers and plenty of interest in your garden or on your patio long after other 
flowers have faded and the garden takes on a somewhat barren look. Not as fussy with soil as their counterparts, 
they will thrive in any well drained soil and form a low maintenance ground cover plant.',16.00,50,100),
                                                                   (52,'Amaryllis Floris Hekker',
'Hippeastrum Amaryllis Floris Hekker is an excellent variety to help brighten up your home. It produces plenty of large 
velvety-red blooms with deep dark red centres.It’s a great variety for an eye-catching display in your home or as a memorable
gift for a very special person. Plant your Amaryllis 8 weeks before you would like them to bloom!',18.00,50,150),
                                                                    (53,'Mini Lemon Tree',
'This cold resistant Lemon tree is highly decorative providing year round interest with its glossy evergreen leaves, 
pretty fragrant flowers and edible fruit.These miniature trees are easy to care for and ideal for on a sunny windowsill indoors, 
they can also be moved outdoors once temperatures are above freezing. ',26.00,50,650),
                                                                    (54,'Mini Phalaenopsis Purple',
'This New Miniature Phalaenopsis is so unusual and so cute. It arrives in flower making a wonderful gift. 
The long lasting dark Purple flowers make them perfect as centrepieces.',30.00,50,450),
                                                                    (55,'Crassula perforata Giant Form',
'Crassula perforata Giant Form is a rare succulent plant with pretty bluish red tips which sets off the grey/blue foliage beautifully. 
Jade plants make great housewarming gifts as they are often called the money plant 
or dollar plant, because they were once thought to bring good luck to their owners.',14.00,50,451),
                                                                    (56,'Aloes mitriformis fluorescent',
'This dwarf version of Aloe has strong sturdy leaves arranged in rosettes with fine yellow-white serrations.
It is useful for many skin conditions as it eases pain and reduces inflammation.
Aloe also makes a great houseplant, it is very easy to grow and will thrive on any sunny windowsill 
with the minimum of effort.',20.00,50,450),
                                                                    (57,'Gardenia jasminoides',
'This beautiful plant is perfect for both indoors and out. The lovely rose-like flowers in ivory-white emit a heavy scent 
perfuming your living room or patio. In the language of flowers gardenia signifies ‘secret love’ 
and represents purity, refinement and peace.',14.00,50,784),
                                                                    (58,'Mini Apple Tree Malus Red Spur',
'Harvest your own delicious apples from this fine self-fertile mini apple tree. It produces full sized tasty
 fruit and makes an impressive display on your patio, decking, or just in the garden.',36.00,50,364),
                                                                    (59,'Aquilegia Spring Magic Blue',
'Aquilegia or Columbines produce fabulous shaped flowers which will be the talking point of your neighbours.
The dainty blooms with elegant spurs are exquisite and will come back to grace your garden year after year.
They are hardy, grow in sun or partial shade and are suitable for your herbaceous borders or for planters on your patio or decking.',22.00,50,123),
                                                                    (60,'Climbing Rose New Dawn',
'Climbing rose New Dawn is thought by many to be one of the best repeat-flowering climbing rose, producing medium sized, 
silvery blush-pink semi-double blossoms in attractive clusters with a sweet fruity fragrance all summer long.  
This vigorous climber flourishes in both sun or partial shade and its attractive dark green glossy foliage has 
a good disease resistance.',65.00,50,1204);
INSERT INTO product (id,"name","description",price,stock,views) VALUES (61,'Erica carnea White',
'This variety will provide you with white flowers and plenty of interest in your garden or on your patio long after other 
flowers have faded and the garden takes on a somewhat barren look. Not as fussy with soil as their counterparts, 
they will thrive in any well drained soil and form a low maintenance ground cover plant.',16.00,50,100),
                                                                   (62,'Amaryllis Floris Hekker',
'Hippeastrum Amaryllis Floris Hekker is an excellent variety to help brighten up your home. It produces plenty of large 
velvety-red blooms with deep dark red centres.It’s a great variety for an eye-catching display in your home or as a memorable
gift for a very special person. Plant your Amaryllis 8 weeks before you would like them to bloom!',18.00,50,150),
                                                                    (63,'Mini Lemon Tree',
'This cold resistant Lemon tree is highly decorative providing year round interest with its glossy evergreen leaves, 
pretty fragrant flowers and edible fruit.These miniature trees are easy to care for and ideal for on a sunny windowsill indoors, 
they can also be moved outdoors once temperatures are above freezing. ',26.00,50,650),
                                                                    (64,'Mini Phalaenopsis Purple',
'This New Miniature Phalaenopsis is so unusual and so cute. It arrives in flower making a wonderful gift. 
The long lasting dark Purple flowers make them perfect as centrepieces.',30.00,50,450),
                                                                    (65,'Crassula perforata Giant Form',
'Crassula perforata Giant Form is a rare succulent plant with pretty bluish red tips which sets off the grey/blue foliage beautifully. 
Jade plants make great housewarming gifts as they are often called the money plant 
or dollar plant, because they were once thought to bring good luck to their owners.',14.00,50,451),
                                                                    (66,'Aloes mitriformis fluorescent',
'This dwarf version of Aloe has strong sturdy leaves arranged in rosettes with fine yellow-white serrations.
It is useful for many skin conditions as it eases pain and reduces inflammation.
Aloe also makes a great houseplant, it is very easy to grow and will thrive on any sunny windowsill 
with the minimum of effort.',20.00,50,450),
                                                                    (67,'Gardenia jasminoides',
'This beautiful plant is perfect for both indoors and out. The lovely rose-like flowers in ivory-white emit a heavy scent 
perfuming your living room or patio. In the language of flowers gardenia signifies ‘secret love’ 
and represents purity, refinement and peace.',14.00,50,784),
                                                                    (68,'Mini Apple Tree Malus Red Spur',
'Harvest your own delicious apples from this fine self-fertile mini apple tree. It produces full sized tasty
 fruit and makes an impressive display on your patio, decking, or just in the garden.',36.00,50,364),
                                                                    (69,'Aquilegia Spring Magic Blue',
'Aquilegia or Columbines produce fabulous shaped flowers which will be the talking point of your neighbours.
The dainty blooms with elegant spurs are exquisite and will come back to grace your garden year after year.
They are hardy, grow in sun or partial shade and are suitable for your herbaceous borders or for planters on your patio or decking.',22.00,50,123),
                                                                    (70,'Climbing Rose New Dawn',
'Climbing rose New Dawn is thought by many to be one of the best repeat-flowering climbing rose, producing medium sized, 
silvery blush-pink semi-double blossoms in attractive clusters with a sweet fruity fragrance all summer long.  
This vigorous climber flourishes in both sun or partial shade and its attractive dark green glossy foliage has 
a good disease resistance.',65.00,50,1204);
INSERT INTO product (id,"name","description",price,stock,views) VALUES (71,'Erica carnea White',
'This variety will provide you with white flowers and plenty of interest in your garden or on your patio long after other 
flowers have faded and the garden takes on a somewhat barren look. Not as fussy with soil as their counterparts, 
they will thrive in any well drained soil and form a low maintenance ground cover plant.',16.00,50,100),
                                                                   (72,'Amaryllis Floris Hekker',
'Hippeastrum Amaryllis Floris Hekker is an excellent variety to help brighten up your home. It produces plenty of large 
velvety-red blooms with deep dark red centres.It’s a great variety for an eye-catching display in your home or as a memorable
gift for a very special person. Plant your Amaryllis 8 weeks before you would like them to bloom!',18.00,50,150),
                                                                    (73,'Mini Lemon Tree',
'This cold resistant Lemon tree is highly decorative providing year round interest with its glossy evergreen leaves, 
pretty fragrant flowers and edible fruit.These miniature trees are easy to care for and ideal for on a sunny windowsill indoors, 
they can also be moved outdoors once temperatures are above freezing. ',26.00,50,650),
                                                                    (74,'Mini Phalaenopsis Purple',
'This New Miniature Phalaenopsis is so unusual and so cute. It arrives in flower making a wonderful gift. 
The long lasting dark Purple flowers make them perfect as centrepieces.',30.00,50,450),
                                                                    (75,'Crassula perforata Giant Form',
'Crassula perforata Giant Form is a rare succulent plant with pretty bluish red tips which sets off the grey/blue foliage beautifully. 
Jade plants make great housewarming gifts as they are often called the money plant 
or dollar plant, because they were once thought to bring good luck to their owners.',14.00,50,451),
                                                                    (76,'Aloes mitriformis fluorescent',
'This dwarf version of Aloe has strong sturdy leaves arranged in rosettes with fine yellow-white serrations.
It is useful for many skin conditions as it eases pain and reduces inflammation.
Aloe also makes a great houseplant, it is very easy to grow and will thrive on any sunny windowsill 
with the minimum of effort.',20.00,50,450),
                                                                    (77,'Gardenia jasminoides',
'This beautiful plant is perfect for both indoors and out. The lovely rose-like flowers in ivory-white emit a heavy scent 
perfuming your living room or patio. In the language of flowers gardenia signifies ‘secret love’ 
and represents purity, refinement and peace.',14.00,50,784),
                                                                    (78,'Mini Apple Tree Malus Red Spur',
'Harvest your own delicious apples from this fine self-fertile mini apple tree. It produces full sized tasty
 fruit and makes an impressive display on your patio, decking, or just in the garden.',36.00,50,364),
                                                                    (79,'Aquilegia Spring Magic Blue',
'Aquilegia or Columbines produce fabulous shaped flowers which will be the talking point of your neighbours.
The dainty blooms with elegant spurs are exquisite and will come back to grace your garden year after year.
They are hardy, grow in sun or partial shade and are suitable for your herbaceous borders or for planters on your patio or decking.',22.00,50,123),
                                                                    (80,'Climbing Rose New Dawn',
'Climbing rose New Dawn is thought by many to be one of the best repeat-flowering climbing rose, producing medium sized, 
silvery blush-pink semi-double blossoms in attractive clusters with a sweet fruity fragrance all summer long.  
This vigorous climber flourishes in both sun or partial shade and its attractive dark green glossy foliage has 
a good disease resistance.',65.00,50,1204);
INSERT INTO product (id,"name","description",price,stock,views) VALUES (81,'Erica carnea White',
'This variety will provide you with white flowers and plenty of interest in your garden or on your patio long after other 
flowers have faded and the garden takes on a somewhat barren look. Not as fussy with soil as their counterparts, 
they will thrive in any well drained soil and form a low maintenance ground cover plant.',16.00,50,100),
                                                                   (82,'Amaryllis Floris Hekker',
'Hippeastrum Amaryllis Floris Hekker is an excellent variety to help brighten up your home. It produces plenty of large 
velvety-red blooms with deep dark red centres.It’s a great variety for an eye-catching display in your home or as a memorable
gift for a very special person. Plant your Amaryllis 8 weeks before you would like them to bloom!',18.00,50,150),
                                                                    (83,'Mini Lemon Tree',
'This cold resistant Lemon tree is highly decorative providing year round interest with its glossy evergreen leaves, 
pretty fragrant flowers and edible fruit.These miniature trees are easy to care for and ideal for on a sunny windowsill indoors, 
they can also be moved outdoors once temperatures are above freezing. ',26.00,50,650),
                                                                    (84,'Mini Phalaenopsis Purple',
'This New Miniature Phalaenopsis is so unusual and so cute. It arrives in flower making a wonderful gift. 
The long lasting dark Purple flowers make them perfect as centrepieces.',30.00,50,450),
                                                                    (85,'Crassula perforata Giant Form',
'Crassula perforata Giant Form is a rare succulent plant with pretty bluish red tips which sets off the grey/blue foliage beautifully. 
Jade plants make great housewarming gifts as they are often called the money plant 
or dollar plant, because they were once thought to bring good luck to their owners.',14.00,50,451),
                                                                    (86,'Aloes mitriformis fluorescent',
'This dwarf version of Aloe has strong sturdy leaves arranged in rosettes with fine yellow-white serrations.
It is useful for many skin conditions as it eases pain and reduces inflammation.
Aloe also makes a great houseplant, it is very easy to grow and will thrive on any sunny windowsill 
with the minimum of effort.',20.00,50,450),
                                                                    (87,'Gardenia jasminoides',
'This beautiful plant is perfect for both indoors and out. The lovely rose-like flowers in ivory-white emit a heavy scent 
perfuming your living room or patio. In the language of flowers gardenia signifies ‘secret love’ 
and represents purity, refinement and peace.',14.00,50,784),
                                                                    (88,'Mini Apple Tree Malus Red Spur',
'Harvest your own delicious apples from this fine self-fertile mini apple tree. It produces full sized tasty
 fruit and makes an impressive display on your patio, decking, or just in the garden.',36.00,50,364),
                                                                    (89,'Aquilegia Spring Magic Blue',
'Aquilegia or Columbines produce fabulous shaped flowers which will be the talking point of your neighbours.
The dainty blooms with elegant spurs are exquisite and will come back to grace your garden year after year.
They are hardy, grow in sun or partial shade and are suitable for your herbaceous borders or for planters on your patio or decking.',22.00,50,123),
                                                                    (90,'Climbing Rose New Dawn',
'Climbing rose New Dawn is thought by many to be one of the best repeat-flowering climbing rose, producing medium sized, 
silvery blush-pink semi-double blossoms in attractive clusters with a sweet fruity fragrance all summer long.  
This vigorous climber flourishes in both sun or partial shade and its attractive dark green glossy foliage has 
a good disease resistance.',65.00,50,1204);
INSERT INTO product (id,"name","description",price,stock,views) VALUES (91,'Erica carnea White',
'This variety will provide you with white flowers and plenty of interest in your garden or on your patio long after other 
flowers have faded and the garden takes on a somewhat barren look. Not as fussy with soil as their counterparts, 
they will thrive in any well drained soil and form a low maintenance ground cover plant.',16.00,50,100),
                                                                   (92,'Amaryllis Floris Hekker',
'Hippeastrum Amaryllis Floris Hekker is an excellent variety to help brighten up your home. It produces plenty of large 
velvety-red blooms with deep dark red centres.It’s a great variety for an eye-catching display in your home or as a memorable
gift for a very special person. Plant your Amaryllis 8 weeks before you would like them to bloom!',18.00,50,150),
                                                                    (93,'Mini Lemon Tree',
'This cold resistant Lemon tree is highly decorative providing year round interest with its glossy evergreen leaves, 
pretty fragrant flowers and edible fruit.These miniature trees are easy to care for and ideal for on a sunny windowsill indoors, 
they can also be moved outdoors once temperatures are above freezing. ',26.00,50,650),
                                                                    (94,'Mini Phalaenopsis Purple',
'This New Miniature Phalaenopsis is so unusual and so cute. It arrives in flower making a wonderful gift. 
The long lasting dark Purple flowers make them perfect as centrepieces.',30.00,50,450),
                                                                    (95,'Crassula perforata Giant Form',
'Crassula perforata Giant Form is a rare succulent plant with pretty bluish red tips which sets off the grey/blue foliage beautifully. 
Jade plants make great housewarming gifts as they are often called the money plant 
or dollar plant, because they were once thought to bring good luck to their owners.',14.00,50,451),
                                                                    (96,'Aloes mitriformis fluorescent',
'This dwarf version of Aloe has strong sturdy leaves arranged in rosettes with fine yellow-white serrations.
It is useful for many skin conditions as it eases pain and reduces inflammation.
Aloe also makes a great houseplant, it is very easy to grow and will thrive on any sunny windowsill 
with the minimum of effort.',20.00,50,450),
                                                                    (97,'Gardenia jasminoides',
'This beautiful plant is perfect for both indoors and out. The lovely rose-like flowers in ivory-white emit a heavy scent 
perfuming your living room or patio. In the language of flowers gardenia signifies ‘secret love’ 
and represents purity, refinement and peace.',14.00,50,784),
                                                                    (98,'Mini Apple Tree Malus Red Spur',
'Harvest your own delicious apples from this fine self-fertile mini apple tree. It produces full sized tasty
 fruit and makes an impressive display on your patio, decking, or just in the garden.',36.00,50,364),
                                                                    (99,'Aquilegia Spring Magic Blue',
'Aquilegia or Columbines produce fabulous shaped flowers which will be the talking point of your neighbours.
The dainty blooms with elegant spurs are exquisite and will come back to grace your garden year after year.
They are hardy, grow in sun or partial shade and are suitable for your herbaceous borders or for planters on your patio or decking.',22.00,50,123),
                                                                    (100,'Climbing Rose New Dawn',
'Climbing rose New Dawn is thought by many to be one of the best repeat-flowering climbing rose, producing medium sized, 
silvery blush-pink semi-double blossoms in attractive clusters with a sweet fruity fragrance all summer long.  
This vigorous climber flourishes in both sun or partial shade and its attractive dark green glossy foliage has 
a good disease resistance.',65.00,50,1204);

--R06
INSERT INTO "user" (id,username,email,password_hash,date,id_image,user_role) VALUES (1,'Seal','sed.dictum@eusem.ca','MMJ88EPA9AU','2015-01-26 12:19:47',11,'Customer'),(2,'Navarro','senectus.et.netus@aarcu.com','JYG90CLM7NO','2016-02-14 16:03:25',13,'Customer'),(3,'Rosa','semper.tellus@scelerisquemollis.net','XUI45BHW4MC','2018-10-28 09:42:00',12,'Customer'),(4,'Wallace','sociis@vitaedolorDonec.org','TOJ48WCE2EY','2018-09-26 00:43:04',12,'Customer'),(5,'Cunningham','urna.Nunc@eterosProin.org','RCM39OSA1SP','2018-09-26 21:57:58',13,'Manager'),(6,'Flynn','eu.arcu.Morbi@temporaugueac.co.uk','RHM23ZHF5OX','2017-04-17 03:54:31',14,'Customer'),(7,'Brady','egestas@dolortempus.com','VLQ80YJN3NL','2017-4-17 17:33:41',14,'Customer'),(8,'Reynolds','ac@ipsumsodales.org','VMO93WZF7ZI','2016-06-15 11:28:45',12,'Customer'),(9,'Mccall','erat.in@ornare.co.uk','XYQ55JBT6US','2016-5-19 21:07:17',14,'Customer'),(10,'Morales','sagittis.augue.eu@blanditmattis.net','LUG55CNK2FF','2015-09-29 11:20:51',11,'Customer');
INSERT INTO "user" (id,username,email,password_hash,date,id_image,user_role) VALUES (11,'Mooney','Curabitur@Curabiturut.net','VYE08DQY9NC','2018-07-23 19:09:28',13,'Customer'),(12,'Meyers','molestie.tortor.nibh@NulladignissimMaecenas.org','TOE84BLR2UB','2016-12-04 01:05:54',13,'Customer'),(13,'Levy','risus.In@cursusaenim.ca','SVZ41HCC3GL','2015-04-19 08:12:00',11,'Customer'),(14,'Howell','tincidunt@Duis.net','FUH32MKH5JD','2016-10-14 18:41:21',12,'Customer'),(15,'Watson','sagittis.felis@euodio.net','UTI05IPB0RF','2015-08-07 23:20:13',14,'Customer'),(16,'Hester','purus@etmalesuada.ca','UOM40WIO4MZ','2015-06-21 06:51:40',11,'Customer'),(17,'Stout','lacus@etmagnisdis.net','HAE99HQA4UY','2016-02-23 11:23:18',12,'Customer'),(18,'Henry','tortor.dictum@dictumPhasellusin.net','AJF61CUL7KL','2018-10-09 15:43:47',11,'Customer'),(19,'Boyer','id.blandit@malesuadamalesuada.edu','QCC66IPA6SP','2016-03-03 03:23:02',14,'Customer'),(20,'Pennington','aliquet.Proin@et.edu','DNN93MVZ6VH','2017-10-23 12:11:58',14,'Manager');
INSERT INTO "user" (id,username,email,password_hash,date,id_image,user_role) VALUES (21,'Bishop','gravida.sagittis@tincidunt.ca','ZSW35TZR8BE','2015-11-25 22:49:00',11,'Customer'),(22,'Hurley','mollis.lectus@Cumsociisnatoque.co.uk','XNH23TQO4OQ','2015-08-15 21:25:04',13,'Customer'),(23,'Fox','nec.mollis@Integeraliquamadipiscing.org','CVM61USP3EB','2015-10-05 19:42:04',11,'Customer'),(24,'Smith','lobortis.risus.In@sollicitudinamalesuada.org','QFW04WHL7ZH','2016-01-20 07:18:42',12,'Customer'),(25,'Sparks','Aliquam.fringilla.cursus@ipsumportaelit.net','ZZU20RDL9EN','2015-02-04 18:49:42',11,'Customer'),(26,'Rodgers','et.netus@pede.com','OZP37SVF2ET','2020-01-25 21:50:05',12,'Manager'),(27,'Roy','semper.cursus.Integer@nislarcuiaculis.ca','AHT65JAB9PP','2016-11-16 17:45:42',12,'Customer'),(28,'Koch','odio.semper@seddictumeleifend.co.uk','YUF63OVE5ML','2016-06-22 17:43:45',13,'Manager'),(29,'Mcmahon','Nunc@facilisismagna.org','AZP55TVC9KW','2020-01-21 07:14:08',12,'Customer'),(30,'Gutierrez','euismod.ac@nonjusto.edu','PEN01QRY7EP','2016-05-18 04:18:06',14,'Customer');
INSERT INTO "user" (id,username,email,password_hash,date,id_image,user_role) VALUES (31,'Mccray','tempor.augue.ac@dapibus.net','IFD40ELF3TL','2016-01-22 12:11:17',12,'Manager'),(32,'Marsh','pede@Lorem.net','VJR87DYO4RX','2015-02-18 11:10:53',14,'Customer'),(33,'Neal','ut.quam.vel@ategestasa.com','NUE74QJS9NG','2015-09-17 13:11:36',14,'Customer'),(34,'Combs','eleifend.vitae@utlacusNulla.ca','QPB79APV9MQ','2016-01-24 21:16:31',12,'Customer'),(35,'Spencer','lorem@quislectus.co.uk','SFK49MPQ2CI','2015-03-11 06:52:33',13,'Customer'),(36,'Lang','sed.dolor@etipsum.com','NRK70OAT5XV','2016-04-05 10:08:41',11,'Customer'),(37,'Huff','ipsum@enimconsequatpurus.org','MNP10AAE9WO','2015-04-19 01:27:38',14,'Customer'),(38,'Larson','Nullam@parturientmontesnascetur.ca','WON19LVB6RE','2015-03-12 07:09:08',11,'Customer'),(39,'Avila','sollicitudin@Intinciduntcongue.co.uk','INP17WZM8BE','2020-01-13 13:38:00',14,'Customer'),(40,'Gross','ullamcorper.magna@dolorvitae.net','PYU98URW6XS','2017-04-29 13:07:05',11,'Manager');
INSERT INTO "user" (id,username,email,password_hash,date,id_image,user_role) VALUES (41,'Salinas','rutrum@etmalesuada.ca','PBU60BOJ2EQ','2016-01-08 11:34:35',14,'Customer'),(42,'Hanson','condimentum.Donec.at@Vestibulumaccumsanneque.co.uk','GCL91GSR3QG','2017-03-02 11:28:40',14,'Customer'),(43,'Moses','congue.a.aliquet@facilisisfacilisismagna.edu','PXW74APJ9DW','2017-04-25 20:14:23',14,'Customer'),(44,'Macdonald','lectus.sit@quam.net','JTQ52ZJN6DC','2015-09-29 12:40:55',13,'Customer'),(45,'Riley','eu@convallisante.ca','NYR81ZRT4HJ','2016-06-08 09:28:20',13,'Customer'),(46,'Trujillo','netus.et.malesuada@utipsum.ca','CDV74JBN5SH','2017-01-30 19:52:48',12,'Manager'),(47,'Pope','Aliquam.erat.volutpat@duisemperet.com','MKK14GLN6RI','2016-02-13 03:16:52',12,'Customer'),(48,'Williams','nascetur.ridiculus@nonenimcommodo.com','YEF19DCA8YN','2015-09-29 19:15:10',12,'Customer'),(49,'Steele','Donec.felis.orci@lectus.ca','JOX13OKL9DW','2016-04-20 16:05:51',11,'Customer'),(50,'Christensen','lobortis.tellus.justo@diamPellentesquehabitant.edu','GNK94QSX5HZ','2015-07-04 09:27:57',14,'Customer');
--R02
INSERT INTO "order" (id,shipping_id,billing_address,delivery_address,order_date,payment_method,id_user) VALUES (1,12548,'537-2734 Tristique Rd.','563-4525 Libero St.','2018-10-12 13:36:05','Bank_Transfer',18),(2,12550,'114-7313 Lacus. Rd.','P.O. Box 371, 3830 Dolor Road','2017-05-19 21:41:56','Bank_Transfer',7),(3,12552,'3332 Ante, Road','P.O. Box 471, 9514 Sollicitudin St.','2015-09-04 03:50:43','Stripe',25),(4,12554,'P.O. Box 799, 5485 Eu Av.','615-6014 Dui. St.','2020-08-16 23:47:36','Bank_Transfer',49),(5,12556,'P.O. Box 473, 3684 Adipiscing Ave','P.O. Box 792, 4734 Sagittis Rd.','2017-03-22 13:28:07','Bank_Transfer',42),(6,12558,'P.O. Box 871, 445 Et, St.','P.O. Box 634, 7675 Id Street','2020-04-02 03:17:42','Stripe',4),(7,12560,'P.O. Box 489, 9021 Pede. Ave','P.O. Box 937, 7384 Nec Rd.','2016-10-04 06:00:19','Bank_Transfer',32),(8,12562,'4001 Enim. Rd.','292 Aliquam, St.','2015-04-07 01:50:13','Stripe',35),(9,12564,'5175 Augue, Rd.','Ap #925-9497 Eu Rd.','2015-03-20 20:07:28','Bank_Transfer',38),(10,12566,'505-6519 Ipsum Av.','326-3370 Molestie Avenue','2019-06-07 03:38:14','Stripe',8);
INSERT INTO "order" (id,shipping_id,billing_address,delivery_address,order_date,payment_method,id_user) VALUES (11,12568,'P.O. Box 564, 1935 Est, Avenue','711-1359 Dui Street','2018-08-18 15:51:37','Bank_Transfer',11),(12,12570,'5548 Tempus St.','P.O. Box 867, 746 Vel Avenue','2019-03-18 17:09:20','Bank_Transfer',18),(13,12572,'Ap #989-7150 Ipsum Avenue','P.O. Box 437, 9187 Dis Rd.','2016-03-19 18:22:45','Stripe',19),(14,12574,'Ap #351-9276 Suspendisse Rd.','P.O. Box 548, 3669 Ligula. Avenue','2018-07-05 02:18:02','Stripe',21),(15,12576,'Ap #850-5591 Elit. Street','163 Metus Ave','2018-05-26 12:35:27','Bank_Transfer',12),(16,12578,'Ap #294-5749 Amet, Road','P.O. Box 463, 7406 Quis Road','2020-02-19 14:27:36','Stripe',39),(17,12580,'P.O. Box 188, 1387 Eget Ave','Ap #172-9459 Class Road','2015-05-02 05:37:59','Bank_Transfer',37),(18,12582,'9423 Pellentesque Rd.','Ap #843-2471 Nisi. St.','2019-02-27 17:53:11','Stripe',11),(19,12584,'P.O. Box 174, 1074 Nam Road','1999 Sollicitudin Rd.','2017-12-12 23:34:26','Bank_Transfer',16),(20,12586,'P.O. Box 902, 9352 Aliquet Avenue','397-4831 Urna Av.','2016-05-17 03:37:16','Bank_Transfer',49);
INSERT INTO "order" (id,shipping_id,billing_address,delivery_address,order_date,payment_method,id_user) VALUES (21,12588,'621-7735 Elit, Rd.','P.O. Box 201, 8149 Adipiscing Av.','2017-11-24 21:08:35','Bank_Transfer',38),(22,12590,'2923 Neque Ave','409-6628 Tellus. St.','2016-03-29 05:55:50','Bank_Transfer',17),(23,12592,'Ap #692-1824 Donec Avenue','880-9004 Lacus. Rd.','2016-12-23 15:59:15','Bank_Transfer',27),(24,12594,'P.O. Box 422, 9340 Dictum Rd.','6046 Libero. Rd.','2017-05-04 20:24:05','Bank_Transfer',6),(25,12596,'769-9224 Libero. Rd.','463-1095 Neque St.','2019-01-28 11:13:26','Stripe',4),(26,12598,'205-6154 Velit. Road','435-2800 Lobortis Street','2015-10-26 12:55:29','Stripe',15),(27,12600,'412-7370 At Av.','P.O. Box 212, 8662 Interdum Av.','2017-05-03 16:43:22','Stripe',1),(28,12602,'871-8594 In Avenue','Ap #188-4603 Bibendum St.','2019-04-28 17:57:56','Bank_Transfer',6),(29,12604,'533-7667 Enim. Ave','Ap #907-9895 Dictum Road','2020-02-12 13:23:51','Bank_Transfer',29),(30,12606,'756-6680 Magna. St.','P.O. Box 815, 4116 Nunc Av.','2016-10-25 18:44:31','Bank_Transfer',14);
INSERT INTO "order" (id,shipping_id,billing_address,delivery_address,order_date,payment_method,id_user) VALUES (31,12608,'P.O. Box 324, 2810 Nascetur St.','P.O. Box 732, 5762 Est Road','2016-01-10 15:10:34','Bank_Transfer',41),(32,12610,'3061 Quis, St.','3716 Feugiat St.','2018-06-17 18:49:19','Stripe',42),(33,12612,'2388 Vel Ave','9431 Vel Av.','2016-06-09 03:45:40','Bank_Transfer',45),(34,12614,'Ap #556-1283 Eu Av.','Ap #246-3937 Dolor. Rd.','2016-08-31 15:30:16','Stripe',8),(35,12616,'Ap #790-6396 A Road','839-6746 Tellus Avenue','2015-10-10 13:48:29','Stripe',10),(36,12618,'Ap #111-5738 Ultricies Ave','P.O. Box 950, 4536 Purus. Street','2019-04-01 16:33:19','Stripe',4),(37,12620,'P.O. Box 131, 2200 Pretium St.','809-311 Neque St.','2019-08-16 17:39:31','Bank_Transfer',24),(38,12622,'8943 Phasellus Avenue','P.O. Box 352, 8433 Est Avenue','2019-12-06 20:39:26','Bank_Transfer',24),(39,12624,'469-2740 Vivamus St.','Ap #628-5019 Quam. Road','2017-12-07 17:51:56','Bank_Transfer',1),(40,12626,'517-6109 In Ave','854-8505 Duis Ave','2020-02-13 16:43:53','Stripe',33);
INSERT INTO "order" (id,shipping_id,billing_address,delivery_address,order_date,payment_method,id_user) VALUES (41,12628,'829-6026 Nec, Road','Ap #448-9372 Curabitur Rd.','2015-11-30 15:33:34','Stripe',48),(42,12630,'290-7919 Magna. Ave','Ap #747-8527 Tellus Ave','2016-06-02 19:22:13','Bank_Transfer',30),(43,12632,'658-9709 Cum Street','396-3877 Sed Rd.','2018-03-23 19:27:48','Stripe',30),(44,12634,'P.O. Box 529, 2784 Porttitor St.','688-802 Placerat Rd.','2018-02-07 17:29:24','Bank_Transfer',41),(45,12636,'Ap #369-5380 Egestas. Street','Ap #159-7467 Elit, Ave','2015-11-03 10:28:44','Bank_Transfer',16),(46,12638,'3143 Hendrerit Ave','327-1636 Quis Street','2016-11-01 21:01:01','Stripe',8),(47,12640,'P.O. Box 573, 5114 Nulla. St.','P.O. Box 723, 1800 Blandit Ave','2019-10-23 11:29:58','Bank_Transfer',35),(48,12642,'Ap #598-1715 Purus, Avenue','202 Tempor Rd.','2016-08-10 18:51:02','Stripe',34),(49,12644,'470-6858 Sapien, St.','Ap #800-6163 Enim. St.','2017-12-09 21:11:24','Stripe',37),(50,12646,'Ap #489-6730 Magna Avenue','410-722 Morbi St.','2020-03-08 19:33:22','Bank_Transfer',50);
INSERT INTO "order" (id,shipping_id,billing_address,delivery_address,order_date,payment_method,id_user) VALUES (51,12648,'Ap #115-9850 Libero St.','P.O. Box 565, 4091 Ultrices. Rd.','2016-07-02 14:02:26','Stripe',8),(52,12650,'P.O. Box 874, 6219 Ante. Ave','414-6530 Odio. St.','2015-09-26 23:46:28','Bank_Transfer',32),(53,12652,'P.O. Box 454, 899 Quis, Avenue','P.O. Box 353, 3707 Dolor. St.','2016-01-30 19:38:36','Stripe',23),(54,12654,'2603 Tincidunt Rd.','577-2135 Cursus. Road','2015-10-26 00:18:54','Bank_Transfer',23),(55,12656,'199-9424 Convallis Street','P.O. Box 801, 1780 Non, Rd.','2016-05-29 01:54:05','Bank_Transfer',36),(56,12658,'868-8585 Nascetur Rd.','P.O. Box 490, 2727 Congue Avenue','2015-10-06 18:15:00','Bank_Transfer',44),(57,12660,'334 Mauris Av.','7675 Ullamcorper, Rd.','2018-05-08 16:27:20','Bank_Transfer',42),(58,12662,'8670 Ligula Road','165-1112 Facilisis, St.','2017-10-22 14:07:24','Stripe',9),(59,12664,'P.O. Box 161, 8151 Faucibus. Rd.','P.O. Box 686, 2691 Amet Rd.','2019-06-26 16:33:28','Stripe',27),(60,12666,'Ap #618-4197 Inceptos Road','6296 Nec St.','2019-03-09 07:11:58','Bank_Transfer',1);
INSERT INTO "order" (id,shipping_id,billing_address,delivery_address,order_date,payment_method,id_user) VALUES (61,12668,'P.O. Box 582, 9509 Convallis Rd.','Ap #449-9559 Lectus Av.','2015-10-17 05:22:04','Bank_Transfer',16),(62,12670,'9140 Enim. Road','708-1005 Pellentesque Rd.','2018-11-24 08:44:17','Stripe',3),(63,12672,'Ap #715-6916 Proin Avenue','P.O. Box 815, 8411 Dictum Rd.','2015-08-10 16:03:39','Bank_Transfer',15),(64,12674,'Ap #871-9804 Id, Road','P.O. Box 650, 1768 Ante Rd.','2019-09-19 17:29:39','Bank_Transfer',7),(65,12676,'4431 Imperdiet Ave','781-7929 Amet Road','2015-08-14 23:40:25','Stripe',50),(66,12678,'Ap #897-5578 Nulla Av.','P.O. Box 451, 8944 Dolor Avenue','2018-05-24 06:33:30','Stripe',45),(67,12680,'538 Curabitur Road','Ap #155-1469 Mauris Av.','2018-01-22 10:05:14','Bank_Transfer',2),(68,12682,'7413 Tellus Rd.','2577 Duis Rd.','2018-08-15 22:44:45','Bank_Transfer',42),(69,12684,'6594 Elit. St.','765-1417 Odio. St.','2016-05-20 09:09:09','Stripe',9),(70,12686,'Ap #858-7499 Ac Street','6914 Ligula. Av.','2017-05-05 13:29:57','Stripe',43);
INSERT INTO "order" (id,shipping_id,billing_address,delivery_address,order_date,payment_method,id_user) VALUES (71,12688,'P.O. Box 893, 5647 Duis Av.','P.O. Box 296, 4055 Sapien, Ave','2016-02-23 21:20:19','Bank_Transfer',47),(72,12690,'P.O. Box 818, 1159 Lorem, Street','6052 Erat Rd.','2016-11-21 17:04:18','Bank_Transfer',15),(73,12692,'P.O. Box 683, 1250 Nullam St.','Ap #367-2354 Adipiscing St.','2018-04-17 16:41:16','Bank_Transfer',36),(74,12694,'9012 Felis Rd.','6748 Amet Street','2017-11-15 20:06:17','Stripe',49),(75,12696,'P.O. Box 892, 7201 Suspendisse St.','6064 In, Road','2018-11-28 19:02:30','Stripe',4),(76,12698,'Ap #754-722 Cursus Ave','3276 Vitae, Rd.','2016-12-13 21:26:22','Bank_Transfer',12),(77,12700,'P.O. Box 426, 8810 Lacus. Street','P.O. Box 622, 3114 Fusce Av.','2017-10-13 05:28:04','Stripe',15),(78,12702,'P.O. Box 613, 1291 Vehicula. St.','327-7662 Sit Av.','2019-12-28 11:40:04','Bank_Transfer',48),(79,12704,'Ap #314-7479 Velit St.','873 Magnis Rd.','2020-07-20 03:30:32','Stripe',33),(80,12706,'599-2883 Turpis. St.','Ap #404-8648 Nunc Av.','2016-10-01 05:30:32','Bank_Transfer',1);
INSERT INTO "order" (id,shipping_id,billing_address,delivery_address,order_date,payment_method,id_user) VALUES (81,12708,'632 Nec Street','451-9571 Arcu Road','2015-09-19 12:29:05','Bank_Transfer',33),(82,12710,'584 Lectus, St.','Ap #786-798 A Road','2015-04-26 16:37:06','Stripe',13),(83,12712,'Ap #764-8927 Diam. St.','8624 Felis Avenue','2020-03-25 04:35:28','Stripe',2),(84,12714,'Ap #612-2415 Consequat, Rd.','Ap #388-9520 Tellus Avenue','2019-12-31 16:37:43','Stripe',50),(85,12716,'P.O. Box 372, 7246 Vel, Rd.','917-7790 Nunc St.','2017-04-12 07:26:53','Stripe',12),(86,12718,'7121 Dis St.','Ap #785-5461 Lacus. Road','2019-02-14 08:06:58','Stripe',18),(87,12720,'191-7912 Mauris Ave','P.O. Box 811, 4343 Vivamus St.','2018-10-08 11:20:30','Bank_Transfer',4),(88,12722,'Ap #533-7285 Rhoncus Rd.','8343 Placerat, Rd.','2016-07-10 14:04:36','Stripe',21),(89,12724,'Ap #531-7605 Nulla Road','5937 Dui, St.','2016-11-15 22:07:23','Bank_Transfer',17),(90,12726,'707-2329 Id, Street','P.O. Box 740, 5001 Curabitur Rd.','2019-07-11 01:25:51','Stripe',49);
INSERT INTO "order" (id,shipping_id,billing_address,delivery_address,order_date,payment_method,id_user) VALUES (91,12728,'Ap #420-9999 Morbi St.','7102 Nec St.','2016-05-27 15:32:46','Bank_Transfer',2),(92,12730,'P.O. Box 844, 7429 Orci Road','P.O. Box 243, 4826 A, Road','2017-03-23 01:10:04','Bank_Transfer',1),(93,12732,'356-918 Tincidunt Ave','P.O. Box 967, 4955 Laoreet Street','2017-07-02 08:41:18','Stripe',22),(94,12734,'865-9867 Egestas St.','900-2292 Eu, Av.','2019-10-06 17:22:41','Bank_Transfer',3),(95,12736,'P.O. Box 160, 3189 Et, St.','P.O. Box 628, 3034 In Rd.','2018-12-08 15:38:40','Stripe',2),(96,12738,'9761 Ipsum Rd.','P.O. Box 825, 4684 Varius Rd.','2020-10-28 17:42:31','Bank_Transfer',17),(97,12740,'Ap #396-9072 Ac Rd.','144-3029 Pede. St.','2016-08-06 23:03:33','Stripe',1),(98,12742,'P.O. Box 661, 3834 Nibh Av.','P.O. Box 512, 6538 Enim. St.','2017-12-17 08:30:28','Bank_Transfer',24),(99,12744,'1764 Et Road','P.O. Box 831, 3767 Vestibulum St.','2017-10-15 21:23:25','Stripe',8),(100,12746,'Ap #470-721 Fermentum Av.','615-6212 Pede St.','2017-03-01 02:58:47','Stripe',10);

--R03
INSERT INTO product_order (id_product,id_order,quantity) VALUES (16,40,2),(71,44,7),(86,16,12),(54,79,8),(2,99,5),(84,41,16),(22,77,19),(53,3,19),(93,35,13),(70,42,15);
INSERT INTO product_order (id_product,id_order,quantity) VALUES (4,92,13),(42,44,12),(87,70,3),(29,90,10),(87,68,4),(34,87,18),(83,13,1),(68,84,6),(43,38,7),(31,66,20);
INSERT INTO product_order (id_product,id_order,quantity) VALUES (22,98,19),(38,49,18),(57,77,14),(20,58,18),(59,55,6),(39,4,15),(52,38,15),(34,86,1),(98,38,8),(32,34,11);
INSERT INTO product_order (id_product,id_order,quantity) VALUES (95,28,3),(75,31,3),(96,77,5),(91,66,7),(34,68,9),(36,55,19),(86,56,10),(52,14,12),(15,4,8),(48,36,8);
INSERT INTO product_order (id_product,id_order,quantity) VALUES (13,40,3),(62,50,5),(46,77,11),(78,47,8),(99,40,7),(67,21,13),(28,33,18),(7,31,14),(16,84,7),(69,17,12);
INSERT INTO product_order (id_product,id_order,quantity) VALUES (37,83,9),(56,49,18),(99,78,19),(40,68,3),(26,39,6),(97,9,9),(65,41,12),(72,90,3),(30,16,8),(12,52,5);
INSERT INTO product_order (id_product,id_order,quantity) VALUES (20,93,19),(51,4,11),(59,13,9),(36,70,4),(85,82,12),(10,89,9),(90,43,12),(5,81,15),(48,78,18),(69,19,7);
INSERT INTO product_order (id_product,id_order,quantity) VALUES (74,38,7),(55,68,9),(42,40,2),(57,12,15),(49,25,11),(61,3,9),(27,31,12),(88,77,4),(29,35,6),(24,34,14);
INSERT INTO product_order (id_product,id_order,quantity) VALUES (41,39,1),(1,39,6),(27,98,6),(83,50,11),(96,14,16),(30,8,14),(90,76,14),(3,87,20),(56,50,15),(69,57,6);
INSERT INTO product_order (id_product,id_order,quantity) VALUES (57,98,5),(24,75,19),(71,100,6),(100,96,7),(6,74,18),(15,64,18),(91,48,9),(87,85,7),(15,67,3),(16,34,2), (16, 39, 1);

--R04
INSERT INTO review (id_product,id_order,description,rating,review_date) VALUES (16,40,'Loved this lovely plant! Very easy to take care',5,'2020-02-14 12:20:13'),(20,93,'Loved this lovely plant! Very easy to take care',5,'2017-07-05 08:41:18'),(20,58,'Really happy to try out this brand, great products and costumer support!',1,'2017-10-28 14:07:24'),(57,12,'Great product!',3,'2019-03-22 17:09:20');
INSERT INTO review (id_product,id_order,description,rating,review_date) VALUES (16,84,'Kinda dissapointed with the plant quality',4,'2020-01-07 16:37:43'),(42,40,'Really happy to try out this brand, great products and costumer support!',2,'2020-02-14 12:24:13'),(48,78,'Loved this lovely plant! Very easy to take care',1,'2019-12-31 11:40:04'),(69,17,'Loved this lovely plant! Very easy to take care',2,'2015-05-08 05:37:59');
INSERT INTO review (id_product,id_order,description,rating,review_date) VALUES (71,44,'Really happy to try out this brand, great products and costumer support!',5,'2018-02-13 17:29:24'),(16,34,'Kinda dissapointed with the plant quality',1,'2016-09-03 15:30:16'),(57,98,'Loved this lovely plant! Very easy to take care',1,'2017-12-24 08:30:28'),(69,19,'Really happy to try out this brand, great products and costumer support!',2,'2017-12-20 23:34:26');
INSERT INTO review (id_product,id_order,description,rating,review_date) VALUES (46,77,'Really happy to try out this brand, great products and costumer support!',5,'2017-10-17 05:28:04'),(59,55,'Kinda dissapointed with the plant quality',4,'2016-06-02 01:54:05'),(57,77,'Kinda dissapointed with the plant quality',3,'2017-10-17 05:33:04'),(69,57,'Really happy to try out this brand, great products and costumer support!',5,'2018-05-14 16:27:20');
INSERT INTO review (id_product,id_order,description,rating,review_date) VALUES (59,13,'Really happy to try out this brand, great products and costumer support!',2,'2016-03-24 18:22:45'),(42,44,'Loved this lovely plant! Very easy to take care',3,'2018-02-13 17:32:24'),(71,100,'Great product!',4,'2017-03-07 02:58:47'),(16,39,'Loved this lovely plant! Very easy to take care',2,'2017-12-15 17:51:56');


--R05
INSERT INTO "order_history" (id,date,id_order,order_status) VALUES (1,'2020-04-30 13:59:14',95,'Ready_for_Shipping'),(2,'2021-02-05 13:01:42',46,'Processed'),(3,'2020-12-16 13:40:37',33,'Awaiting_Payment'),(4,'2021-01-03 04:16:58',98,'Ready_for_Shipping'),(5,'2020-04-11 13:04:18',36,'Ready_for_Shipping'),(6,'2020-09-08 03:05:35',76,'Processed'),(7,'2019-05-29 07:28:16',80,'Awaiting_Payment'),(8,'2020-01-02 00:09:57',38,'Processed'),(9,'2020-04-06 09:40:03',26,'Processed'),(10,'2021-01-25 13:07:57',81,'Awaiting_Payment');
INSERT INTO "order_history" (id,date,id_order,order_status) VALUES (11,'2020-01-06 02:19:06',22,'Ready_for_Shipping'),(12,'2019-11-06 08:45:52',41,'Awaiting_Payment'),(13,'2021-01-14 16:36:31',95,'Awaiting_Payment'),(14,'2020-06-02 02:46:01',99,'Processed'),(15,'2020-04-14 05:17:46',28,'Ready_for_Shipping'),(16,'2020-12-01 22:52:05',59,'Ready_for_Shipping'),(17,'2020-11-17 00:56:38',29,'Ready_for_Shipping'),(18,'2019-07-12 13:34:37',91,'Processed'),(19,'2020-04-24 22:18:16',91,'Awaiting_Payment'),(20,'2020-10-17 04:32:40',90,'Processed');
INSERT INTO "order_history" (id,date,id_order,order_status) VALUES (21,'2020-02-03 10:36:50',98,'Processed'),(22,'2019-05-01 11:29:00',26,'Processed'),(23,'2020-12-01 23:06:37',46,'Awaiting_Payment'),(24,'2020-01-04 01:45:59',52,'Awaiting_Payment'),(25,'2019-05-18 05:43:05',75,'Ready_for_Shipping'),(26,'2020-01-05 09:33:48',84,'Processed'),(27,'2020-07-03 11:03:50',74,'Processed'),(28,'2020-03-28 09:37:09',71,'Ready_for_Shipping'),(29,'2020-06-21 17:31:28',51,'Awaiting_Payment'),(30,'2019-05-30 06:51:43',75,'Ready_for_Shipping');
INSERT INTO "order_history" (id,date,id_order,order_status) VALUES (31,'2020-10-25 01:45:25',43,'Awaiting_Payment'),(32,'2019-11-30 19:46:47',80,'Processed'),(33,'2020-02-07 05:56:22',19,'Awaiting_Payment'),(34,'2020-03-14 21:05:00',98,'Awaiting_Payment'),(35,'2020-11-05 19:08:42',34,'Awaiting_Payment'),(36,'2019-07-04 09:25:30',56,'Awaiting_Payment'),(37,'2020-05-02 22:07:41',73,'Ready_for_Shipping'),(38,'2020-02-13 05:43:54',13,'Processed'),(39,'2020-02-24 17:31:46',45,'Processed'),(40,'2020-09-14 08:43:32',89,'Processed');
INSERT INTO "order_history" (id,date,id_order,order_status) VALUES (41,'2021-01-15 18:29:00',64,'Awaiting_Payment'),(42,'2020-08-16 03:18:50',13,'Ready_for_Shipping'),(43,'2019-07-25 12:44:06',76,'Ready_for_Shipping'),(44,'2020-04-15 03:16:45',2,'Awaiting_Payment'),(45,'2020-11-23 09:22:29',2,'Ready_for_Shipping'),(46,'2019-12-08 13:09:58',78,'Ready_for_Shipping'),(47,'2020-03-19 05:33:19',41,'Ready_for_Shipping'),(48,'2020-08-16 21:28:38',86,'Processed'),(49,'2019-08-08 02:28:59',66,'Awaiting_Payment'),(50,'2021-03-19 03:49:56',29,'Processed');
INSERT INTO "order_history" (id,date,id_order,order_status) VALUES (51,'2020-01-30 19:58:05',65,'Ready_for_Shipping'),(52,'2020-08-09 00:22:33',34,'Processed'),(53,'2019-07-26 00:44:27',48,'Processed'),(54,'2021-02-06 16:40:08',93,'Processed'),(55,'2019-04-16 15:58:24',42,'Awaiting_Payment'),(56,'2019-04-20 10:32:55',51,'Processed'),(57,'2019-04-15 16:19:15',73,'Awaiting_Payment'),(58,'2020-07-22 04:38:28',25,'Awaiting_Payment'),(59,'2019-12-14 00:08:39',84,'Processed'),(60,'2020-02-28 02:08:11',52,'Ready_for_Shipping');
INSERT INTO "order_history" (id,date,id_order,order_status) VALUES (61,'2020-07-17 21:23:03',58,'Awaiting_Payment'),(62,'2020-11-09 06:46:50',16,'Awaiting_Payment'),(63,'2019-04-07 14:56:35',78,'Awaiting_Payment'),(64,'2020-08-07 08:15:59',95,'Ready_for_Shipping'),(65,'2019-08-31 00:39:24',18,'Awaiting_Payment'),(66,'2019-07-15 21:54:32',53,'Awaiting_Payment'),(67,'2020-08-24 21:10:11',61,'Processed'),(68,'2020-09-30 00:15:59',23,'Processed'),(69,'2020-06-01 21:02:16',42,'Awaiting_Payment'),(70,'2020-12-05 05:20:14',7,'Ready_for_Shipping');
INSERT INTO "order_history" (id,date,id_order,order_status) VALUES (71,'2021-01-29 12:49:03',40,'Processed'),(72,'2020-09-04 08:25:40',24,'Ready_for_Shipping'),(73,'2019-09-15 02:38:01',3,'Processed'),(74,'2020-06-01 08:43:51',79,'Awaiting_Payment'),(75,'2020-05-11 23:25:50',23,'Ready_for_Shipping'),(76,'2019-10-07 23:20:37',32,'Processed'),(77,'2021-02-25 08:46:30',64,'Ready_for_Shipping'),(78,'2020-01-14 09:14:00',7,'Ready_for_Shipping'),(79,'2019-09-30 22:43:25',49,'Ready_for_Shipping'),(80,'2019-10-07 17:31:12',18,'Awaiting_Payment');
INSERT INTO "order_history" (id,date,id_order,order_status) VALUES (81,'2020-09-05 03:46:59',36,'Awaiting_Payment'),(82,'2020-07-11 08:05:35',43,'Ready_for_Shipping'),(83,'2020-02-26 18:37:05',66,'Ready_for_Shipping'),(84,'2020-09-07 06:33:37',44,'Awaiting_Payment'),(85,'2020-06-20 08:47:49',66,'Processed'),(86,'2019-11-22 09:29:22',24,'Awaiting_Payment'),(87,'2019-10-01 12:43:22',45,'Ready_for_Shipping'),(88,'2020-12-16 14:17:24',57,'Ready_for_Shipping'),(89,'2020-06-18 12:37:25',41,'Ready_for_Shipping'),(90,'2019-04-29 02:46:49',26,'Ready_for_Shipping');
INSERT INTO "order_history" (id,date,id_order,order_status) VALUES (91,'2019-11-24 11:43:09',30,'Awaiting_Payment'),(92,'2020-01-19 04:54:47',2,'Processed'),(93,'2019-05-28 10:42:34',6,'Ready_for_Shipping'),(94,'2019-06-12 20:18:59',5,'Awaiting_Payment'),(95,'2020-07-28 12:18:18',2,'Processed'),(96,'2020-08-11 20:23:10',74,'Ready_for_Shipping'),(97,'2019-11-18 10:34:23',24,'Processed'),(98,'2019-04-27 00:29:44',57,'Processed'),(99,'2020-05-07 05:39:15',35,'Ready_for_Shipping'),(100,'2019-10-18 16:13:03',80,'Processed');

--R07
INSERT INTO wishlist (id,name,id_user) VALUES (1,' Flowers ',23),(2,' Accessories',20),(3,' Accessories',23),(4,' Vases ',23),(5,' Vases ',38),(6,' Tulips ',8),(7,'Orchids ',29),(8,' Flowers ',17),(9,'Orchids ',44),(10,' Flowers ',22);
INSERT INTO wishlist (id,name,id_user) VALUES (11,' Accessories',32),(12,' Accessories',14),(13,' Accessories',16),(14,' Vases ',17),(15,' Flowers ',32),(16,' Tulips ',10),(17,' Flowers ',22),(18,'Orchids ',33),(19,' Vases ',32),(20,' Tulips ',48);
INSERT INTO wishlist (id,name,id_user) VALUES (21,'Orchids ',12),(22,'Orchids ',48),(23,'Orchids ',36),(24,' Tulips ',46),(25,' Vases ',3),(26,'Orchids ',39),(27,' Flowers ',4),(28,'Orchids ',37),(29,' Accessories',30),(30,'Orchids ',32);
INSERT INTO wishlist (id,name,id_user) VALUES (31,' Accessories',43),(32,' Tulips ',26),(33,' Flowers ',14),(34,' Accessories',46),(35,' Vases ',16),(36,' Tulips ',40),(37,' Accessories',12),(38,' Accessories',20),(39,' Accessories',22),(40,'Orchids ',42);
INSERT INTO wishlist (id,name,id_user) VALUES (41,' Flowers ',38),(42,'Orchids ',49),(43,'Orchids ',21),(44,' Tulips ',7),(45,'Orchids ',2),(46,'Orchids ',35),(47,' Flowers ',3),(48,' Accessories',21),(49,' Flowers ',6),(50,' Flowers ',24);

--R08
INSERT INTO wishlist_product (id_product,id_wishlist) VALUES (32,20),(25,32),(31,18),(65,21),(93,18),(45,26),(77,20),(1,5),(60,8),(59,14);
INSERT INTO wishlist_product (id_product,id_wishlist) VALUES (93,27),(15,24),(5,15),(55,21),(17,33),(24,4),(53,38),(34,3),(18,23),(23,31);
INSERT INTO wishlist_product (id_product,id_wishlist) VALUES (78,39),(64,3),(26,34),(65,2),(28,8),(89,22),(93,17),(96,38),(7,17),(21,4);
INSERT INTO wishlist_product (id_product,id_wishlist) VALUES (85,14),(17,29),(81,9),(46,16),(51,6),(84,40),(2,22),(71,14),(16,25),(19,34);
INSERT INTO wishlist_product (id_product,id_wishlist) VALUES (92,12),(85,17),(30,23),(81,31),(23,29),(55,25),(91,14),(93,21),(34,28),(11,18);
INSERT INTO wishlist_product (id_product,id_wishlist) VALUES (69,33),(14,8),(4,28),(87,20),(85,31),(21,16),(39,3),(50,2),(9,10),(5,31);
INSERT INTO wishlist_product (id_product,id_wishlist) VALUES (15,16),(2,17),(67,16),(53,20),(29,4),(96,10),(92,21),(52,32),(51,8),(86,6);
INSERT INTO wishlist_product (id_product,id_wishlist) VALUES (94,36),(27,4),(94,19),(22,40),(69,7),(45,5),(36,10),(57,11),(31,36),(39,16);
INSERT INTO wishlist_product (id_product,id_wishlist) VALUES (42,17),(30,36),(53,4),(42,28),(85,15),(27,27),(91,25),(90,16),(99,37),(86,31);
INSERT INTO wishlist_product (id_product,id_wishlist) VALUES (15,38),(75,3),(45,24),(60,24),(77,12),(48,28),(15,33),(69,34),(17,10),(20,15);

--R09
INSERT INTO shopping_cart (id_user,id_product,quantity) VALUES (43,70,10),(2,44,14),(1,38,17),(21,14,11),(40,68,15),(22,81,20),(24,35,19),(27,87,11),(24,8,7),(2,20,9);
INSERT INTO shopping_cart (id_user,id_product,quantity) VALUES (37,6,9),(17,98,18),(21,12,12),(48,85,18),(48,49,20),(17,49,4),(25,13,8),(41,18,20),(29,36,14),(20,9,20);
INSERT INTO shopping_cart (id_user,id_product,quantity) VALUES (25,35,12),(11,12,10),(46,60,5),(32,36,4),(11,96,1),(12,47,17),(27,55,7),(48,86,1),(26,88,9),(43,96,17);
INSERT INTO shopping_cart (id_user,id_product,quantity) VALUES (19,55,8),(38,45,1),(13,1,1),(29,78,19),(23,84,6),(46,43,20),(50,93,10),(13,56,16),(22,24,18),(18,18,17);
INSERT INTO shopping_cart (id_user,id_product,quantity) VALUES (20,65,3),(46,59,10),(45,3,16),(12,16,8),(15,17,10),(33,98,9),(4,87,9),(50,60,6),(9,37,17),(33,1,15);
INSERT INTO shopping_cart (id_user,id_product,quantity) VALUES (17,95,8),(36,43,6),(44,18,6),(38,12,4),(30,25,15),(14,98,16),(48,82,8),(8,27,8),(20,50,1),(25,5,6);
INSERT INTO shopping_cart (id_user,id_product,quantity) VALUES (7,68,11),(22,11,2),(25,51,20),(8,72,5),(47,72,3),(7,50,12),(41,33,1),(25,54,11),(37,1,10),(24,43,18);
INSERT INTO shopping_cart (id_user,id_product,quantity) VALUES (39,75,2),(6,100,1),(2,16,11),(16,78,1),(46,14,3),(15,29,19),(5,97,10),(8,18,6),(45,36,11),(31,36,6);
INSERT INTO shopping_cart (id_user,id_product,quantity) VALUES (27,56,8),(45,62,12),(38,83,6),(33,34,11),(40,30,1),(49,64,11),(8,52,16),(10,92,15),(29,98,15),(10,29,6);
INSERT INTO shopping_cart (id_user,id_product,quantity) VALUES (7,72,3),(44,19,1),(35,96,14),(23,57,10),(37,35,20),(14,48,18),(34,55,4),(40,66,17),(32,73,14),(35,93,11);

--R10
INSERT INTO discount (id,"percentage",date_begin,date_end) VALUES (1,96,'2019-04-11','2019-12-21'),(2,88,'2020-02-25','2020-06-26'),(3,2,'2020-01-11','2020-02-02'),(4,88,'2019-08-03','2019-11-09');
INSERT INTO discount (id,"percentage",date_begin,date_end) VALUES (5,2,'2020-02-01','2020-09-20'),(6,3,'2020-03-10','2020-07-30'),(7,53,'2019-02-25','2020-06-29'),(8,41,'2020-10-21','2021-01-27');
INSERT INTO discount (id,"percentage",date_begin,date_end) VALUES (9,42,'2019-04-18','2020-11-30'),(10,94,'2020-08-11','2021-07-07'),(11,33,'2019-06-12','2020-04-21'),(12,65,'2019-09-27','2019-12-21');
INSERT INTO discount (id,"percentage",date_begin,date_end) VALUES (13,31,'2020-06-30','2020-07-05'),(14,27,'2020-03-20','2020-07-07'),(15,77,'2019-12-11','2020-03-10'),(16,4,'2019-04-07','2020-06-21');
INSERT INTO discount (id,"percentage",date_begin,date_end) VALUES (17,18,'2019-03-25','2019-08-17'),(18,79,'2020-05-18','2020-12-05'),(19,47,'2020-07-13','2021-02-08'),(20,80,'2020-10-10','2020-10-20');

--R11
INSERT INTO discount_code (id_discount,code) VALUES (2,'Guy'),(4,'Yoshi'),(1,'Callie'),(5,'Raja'),(16,'Rudyard');
INSERT INTO discount_code (id_discount,code) VALUES (20,'Noelani'),(9,'Ralph'),(6,'Russell'),(7,'Nehru'),(10,'Salvador');

--R12
INSERT INTO "apply" (id_product,id_discount) VALUES (21,4),(10,1),(27,14),(44,3),(91,14);
INSERT INTO "apply" (id_product,id_discount) VALUES (20,11),(95,8),(34,1),(55,11),(49,18);
INSERT INTO "apply" (id_product,id_discount) VALUES (84,10),(96,17),(6,18),(20,9),(63,8);
INSERT INTO "apply" (id_product,id_discount) VALUES (35,14),(26,20),(28,11),(26,6),(78,10);
INSERT INTO "apply" (id_product,id_discount) VALUES (66,15),(64,17),(34,2),(18,11),(83,12);
INSERT INTO "apply" (id_product,id_discount) VALUES (76,15),(82,11),(59,20),(91,16),(89,16);
INSERT INTO "apply" (id_product,id_discount) VALUES (3,20),(30,10),(60,20),(39,4),(26,11);
INSERT INTO "apply" (id_product,id_discount) VALUES (94,4),(99,8),(37,14),(25,7),(36,18);
INSERT INTO "apply" (id_product,id_discount) VALUES (32,11),(89,15),(27,20),(51,18),(2,2);
INSERT INTO "apply" (id_product,id_discount) VALUES (87,18),(46,8),(66,4),(82,7),(76,11);

--R13
INSERT INTO tag (id,"name") VALUES (1,'Winifred'),(2,'Aspen'),(3,'Audrey'),(4,'April');
INSERT INTO tag (id,"name") VALUES (5,'Grace'),(6,'Martena'),(7,'Lilah'),(8,'Alika');
INSERT INTO tag (id,"name") VALUES (9,'Yen'),(10,'Haviva'),(11,'Gisela'),(12,'Bertha');
INSERT INTO tag (id,"name") VALUES (13,'Hadassah'),(14,'Dai'),(15,'Brooke'),(16,'Xandra');
INSERT INTO tag (id,"name") VALUES (17,'Sydnee'),(18,'Quon'),(19,'Clare'),(20,'Xyla');

--R14
INSERT INTO product_tag (id_tag,id_product) VALUES (15,61),(9,42),(11,71),(5,95),(10,67);
INSERT INTO product_tag (id_tag,id_product) VALUES (16,27),(20,66),(15,58),(17,38),(9,22);
INSERT INTO product_tag (id_tag,id_product) VALUES (10,28),(9,9),(18,29),(18,93),(15,76);
INSERT INTO product_tag (id_tag,id_product) VALUES (2,30),(1,17),(9,11),(4,91),(9,13);
INSERT INTO product_tag (id_tag,id_product) VALUES (7,15),(9,72),(11,92),(16,60),(18,74);
INSERT INTO product_tag (id_tag,id_product) VALUES (12,35),(9,98),(17,56),(15,59),(17,49);
INSERT INTO product_tag (id_tag,id_product) VALUES (3,3),(11,35),(19,10),(9,77),(17,78);
INSERT INTO product_tag (id_tag,id_product) VALUES (4,22),(18,40),(8,100),(3,51),(16,6);
INSERT INTO product_tag (id_tag,id_product) VALUES (2,26),(17,76),(16,100),(9,93),(20,56);
INSERT INTO product_tag (id_tag,id_product) VALUES (20,89),(15,65),(15,51),(8,67),(4,70);

--R15
INSERT INTO ticket (id,ticket_type,id_user) VALUES (1,'Faulty_Delivery',18),(2,'Product_Complaint',1),(3,'Faulty_Delivery',5),(4,'Faulty_Delivery',8);
INSERT INTO ticket (id,ticket_type,id_user) VALUES (5,'Faulty_Delivery',9),(6,'Payment_Error',8),(7,'Payment_Error',8),(8,'Payment_Error',11);

--R16
INSERT INTO ticket_message (id,sent_date,"message",id_ticket,id_user) VALUES (1,'2019-06-27 06:48:10','I cought the delivery man throwing my package at the door. It was a bonsai. I want my money back. NOW.',4,8);
INSERT INTO ticket_message (id,sent_date,"message",id_ticket,id_user) VALUES (2,'2020-09-27 20:36:10','Im waiting for my delivery for a thousand days now, just give me my money back...',5,9);
INSERT INTO ticket_message (id,sent_date,"message",id_ticket,id_user) VALUES (3,'2021-01-09 10:50:51','I got my orqid last wek and its already ded. Found later that u shud water it... y isnt on the package that shud water it???!!!',2,1);
INSERT INTO ticket_message (id,sent_date,"message",id_ticket,id_user) VALUES (4,'2020-10-28 10:13:18','My Plant arrived at my house wrapped in bubble-wrap. Who hired that packager?.. I demand imediate restitution of my money!',3,5);
INSERT INTO ticket_message (id,sent_date,"message",id_ticket,id_user) VALUES (5,'2019-05-28 11:09:46','My Plant came in a box. It was dead. WTH IS WRONG WITH YOU PEOPLE????',1,18);
INSERT INTO ticket_message (id,sent_date,"message",id_ticket,id_user) VALUES (6,'2020-01-12 08:32:52','My reference expired and paid after. Now it demands the payment again. HELL NO. Give me my order or give me back my money.',6,8);
INSERT INTO ticket_message (id,sent_date,"message",id_ticket,id_user) VALUES (7,'2019-10-16 11:28:11','Stripe is down. I dont trust bank references. Please fix this issue.',8,11);
INSERT INTO ticket_message (id,sent_date,"message",id_ticket,id_user) VALUES (8,'2020-09-19 16:00:17','Dude, I read sprite on phone and I like order a bunch of bottles, like, weird way of payment but ok, i guess you guys need it. But the order didnt ship it, then i realize it saidStripe... Can i pay with bottles of soda now??? PS: Pls keep selling that sativa, the best i ever had bros!',7,8);

--R17
INSERT INTO ticket_history (id,"date",ticket_status,id_ticket) VALUES (1,'2019-06-24 23:00:54','In_Progress',5),(2,'2020-09-28 07:59:42','In_Progress',8);
INSERT INTO ticket_history (id,"date",ticket_status,id_ticket) VALUES (3,'2021-01-09 10:50:51','Opened',4),(4,'2020-11-01 23:49:25','Closed',1);
INSERT INTO ticket_history (id,"date",ticket_status,id_ticket) VALUES (5,'2019-05-29 11:09:46','Opened',8),(6,'2020-01-13 07:57:42','In_Progress',7);
INSERT INTO ticket_history (id,"date",ticket_status,id_ticket) VALUES (7,'2019-10-18 15:14:24','Closed',5),(8,'2020-09-19 16:00:17','Opened',4);


--R19
INSERT INTO product_image (id_product,id_image) VALUES (1,7),(2,4),(3,1),(4,8),(5,6),(6,7),(7,4),(8,6),(9,6),(10,3);
INSERT INTO product_image (id_product,id_image) VALUES (11,9),(12,6),(13,1),(14,7),(15,2),(16,7),(17,8),(18,4),(19,10),(20,4);
INSERT INTO product_image (id_product,id_image) VALUES (21,9),(22,7),(23,9),(24,2),(25,6),(26,3),(27,1),(28,1),(29,6),(30,8);
INSERT INTO product_image (id_product,id_image) VALUES (31,3),(32,4),(33,3),(34,5),(35,5),(36,3),(37,1),(38,8),(39,9),(40,9);
INSERT INTO product_image (id_product,id_image) VALUES (41,4),(42,5),(43,2),(44,2),(45,9),(46,6),(47,3),(48,3),(49,8),(50,8);
INSERT INTO product_image (id_product,id_image) VALUES (51,8),(52,4),(53,9),(54,3),(55,8),(56,8),(57,5),(58,1),(59,1),(60,3);
INSERT INTO product_image (id_product,id_image) VALUES (61,8),(62,10),(63,9),(64,1),(65,6),(66,3),(67,10),(68,9),(69,1),(70,10);
INSERT INTO product_image (id_product,id_image) VALUES (71,7),(72,10),(73,9),(74,9),(75,5),(76,6),(77,4),(78,10),(79,3),(80,1);
INSERT INTO product_image (id_product,id_image) VALUES (81,1),(82,5),(83,8),(84,4),(85,5),(86,2),(87,8),(88,8),(89,6),(90,5);
INSERT INTO product_image (id_product,id_image) VALUES (91,6),(92,4),(93,6),(94,7),(95,6),(96,5),(97,9),(98,1),(99,1),(100,6);

--R20
INSERT INTO user_removal (id,reason,username,removed_at) VALUES (1,'i just wanted to buy a gift for my vegan gf','whatever123123','2019-04-19 05:29:18');
INSERT INTO user_removal (id,reason,username,removed_at) VALUES (2,'my mom caught me gardening. she made me delete this. sry guyz','tr335_4r3_n07_d34d','2019-12-22 14:07:28');
