
INSERT INTO product (id,name,description,price,stock,views) VALUES (1,"Erica carnea White",
"This variety will provide you with white flowers and plenty of interest in your garden or on your patio long after other 
flowers have faded and the garden takes on a somewhat barren look. Not as fussy with soil as their counterparts, 
they will thrive in any well drained soil and form a low maintenance ground cover plant.",16.00,20,100),
                                                                   (2,"Amaryllis Floris Hekker",
"Hippeastrum Amaryllis Floris Hekker is an excellent variety to help brighten up your home. It produces plenty of large 
velvety-red blooms with deep dark red centres.It’s a great variety for an eye-catching display in your home or as a memorable
gift for a very special person. Plant your Amaryllis 8 weeks before you would like them to bloom!",18.00,30,150),
                                                                    (3,"Mini Lemon Tree",
"This cold resistant Lemon tree is highly decorative providing year round interest with its glossy evergreen leaves, 
pretty fragrant flowers and edible fruit.These miniature trees are easy to care for and ideal for on a sunny windowsill indoors, 
they can also be moved outdoors once temperatures are above freezing. ",26.00,12,650),
                                                                    (4,"Mini Phalaenopsis Purple",
"This New Miniature Phalaenopsis is so unusual and so cute. It arrives in flower making a wonderful gift. 
The long lasting dark Purple flowers make them perfect as centrepieces.",30.00,30,450),
                                                                    (5,"Crassula perforata Giant Form",
"Crassula perforata Giant Form is a rare succulent plant with pretty bluish red tips which sets off the grey/blue foliage beautifully. 
Jade plants make great housewarming gifts as they are often called the money plant 
or dollar plant, because they were once thought to bring good luck to their owners.",14.00,25,451),
                                                                    (6,"Aloes mitriformis fluorescent",
"This dwarf version of Aloe has strong sturdy leaves arranged in rosettes with fine yellow-white serrations.
It is useful for many skin conditions as it eases pain and reduces inflammation.
Aloe also makes a great houseplant, it is very easy to grow and will thrive on any sunny windowsill 
with the minimum of effort.",20.00,30,450),
                                                                    (7,"Gardenia jasminoides",
"This beautiful plant is perfect for both indoors and out. The lovely rose-like flowers in ivory-white emit a heavy scent 
perfuming your living room or patio. In the language of flowers gardenia signifies ‘secret love’ 
and represents purity, refinement and peace.",14.00,74,784),
                                                                    (8,"Mini Apple Tree Malus Red Spur",
"Harvest your own delicious apples from this fine self-fertile mini apple tree. It produces full sized tasty
 fruit and makes an impressive display on your patio, decking, or just in the garden.",36.00,8,364),
                                                                    (9,"Aquilegia Spring Magic Blue",
"Aquilegia or Columbines produce fabulous shaped flowers which will be the talking point of your neighbours.
The dainty blooms with elegant spurs are exquisite and will come back to grace your garden year after year.
They are hardy, grow in sun or partial shade and are suitable for your herbaceous borders or for planters on your patio or decking.",22.00,50,123),
                                                                    (10,"Climbing Rose New Dawn",
"Climbing rose New Dawn is thought by many to be one of the best repeat-flowering climbing rose, producing medium sized, 
silvery blush-pink semi-double blossoms in attractive clusters with a sweet fruity fragrance all summer long.  
This vigorous climber flourishes in both sun or partial shade and its attractive dark green glossy foliage has 
a good disease resistance.",65.00,100,1204);

INSERT INTO "order" (id,id_shipping,billing_address,delivery_address,order_date,payment_method,id_user) VALUES (100,'80121','309-2278 Orci, Street','Ap #724-8126 Ante St.','21-08-20',' Stripe',8),(94,'68766','Ap #251-3829 Pede, St.','637-8067 Ligula Rd.','11-05-20',' Stripe',30),(18,'56845','Ap #324-458 Mauris Av.','P.O. Box 315, 5874 Consequat, Rd.','23-02-20','Multibanco ',34),(79,'18974','5959 Purus Ave','377-1719 Nec St.','07-03-20',' Stripe',48),(17,'32801','P.O. Box 410, 5123 Eu, Av.','5731 Vitae, Rd.','26-01-21',' Stripe',7),(28,'92025','420-276 Dapibus Street','P.O. Box 842, 1756 Nunc Road','24-07-20',' Stripe',11),(87,'19069','756-1462 Tellus, Av.','Ap #332-7095 Rutrum Rd.','29-07-19',' Stripe',6),(62,'35995','P.O. Box 367, 8037 Tincidunt St.','788-3591 Non Rd.','18-01-21','Multibanco ',41),(41,'03871','P.O. Box 545, 3575 Sed Rd.','1698 Et Av.','27-07-20','Multibanco ',16),(97,'70681','Ap #995-7207 Odio Rd.','Ap #929-8635 Pede, Rd.','10-08-19',' Stripe',16);
INSERT INTO "order" (id,id_shipping,billing_address,delivery_address,order_date,payment_method,id_user) VALUES (14,'92779','Ap #512-4900 Augue. Av.','5868 Ornare, Ave','28-10-19','Multibanco ',33),(51,'64522','Ap #150-6964 Tortor Street','388-1923 Scelerisque St.','04-06-19','Multibanco ',3),(49,'65577','P.O. Box 154, 1183 Sed, Ave','P.O. Box 737, 7723 Gravida Ave','18-10-20',' Stripe',46),(22,'52252','P.O. Box 260, 5202 Quis, St.','P.O. Box 129, 6666 Nec Street','24-11-19',' Stripe',42),(98,'11397','9658 Sollicitudin Street','Ap #375-7709 Proin Road','19-07-19',' Stripe',50),(44,'29396','378-1733 Erat Av.','P.O. Box 971, 2126 Massa Street','15-01-20','Multibanco ',22),(59,'94754','175-1779 Euismod Av.','548-4183 Gravida Street','12-10-20',' Stripe',43),(14,'31809','4492 Vulputate Ave','4714 Felis. Rd.','07-01-20','Multibanco ',21),(7,'19666','761-8736 Aliquam Ave','882-3861 Condimentum. Av.','09-07-20',' Stripe',45),(74,'41785','803-205 Fermentum Av.','Ap #113-9505 Odio Av.','08-08-20',' Stripe',1);
INSERT INTO "order" (id,id_shipping,billing_address,delivery_address,order_date,payment_method,id_user) VALUES (94,'80429','8750 Malesuada St.','Ap #832-8775 Sem Road','19-03-20','Multibanco ',16),(81,'52631','Ap #297-9046 Et Avenue','Ap #578-4456 Neque St.','01-08-20',' Stripe',7),(89,'71259','P.O. Box 106, 5080 Mollis. Avenue','Ap #256-1292 Donec Rd.','01-07-20',' Stripe',38),(2,'33168','1860 Aliquam Av.','Ap #755-2126 Aenean Road','04-12-20','Multibanco ',21),(76,'02291','735 Nibh Ave','Ap #682-6086 Eu Rd.','07-05-20','Multibanco ',43),(24,'22111','978-901 Nunc Ave','P.O. Box 921, 9829 Aliquet Avenue','17-10-20',' Stripe',49),(40,'15797','4911 Luctus Av.','Ap #739-1201 Adipiscing St.','23-03-21','Multibanco ',42),(59,'97526','9300 Justo. Rd.','Ap #992-1094 Facilisis, St.','29-10-19','Multibanco ',45),(100,'07666','Ap #122-9364 Odio Street','2137 Non, Avenue','27-08-20',' Stripe',7),(99,'94058','Ap #746-3409 Ligula. Rd.','Ap #148-2765 A Road','08-10-20','Multibanco ',45);
INSERT INTO "order" (id,id_shipping,billing_address,delivery_address,order_date,payment_method,id_user) VALUES (94,'89299','Ap #903-1014 Cras Av.','465-2043 Velit Road','17-05-19','Multibanco ',2),(89,'34724','714-8916 Mi Rd.','728 Amet Avenue','21-07-19',' Stripe',24),(65,'45201','667-5786 Integer Ave','Ap #205-3194 Ut St.','21-11-19',' Stripe',1),(59,'84928','502-6455 Felis St.','P.O. Box 324, 6940 Cursus St.','08-12-20',' Stripe',18),(47,'23599','Ap #885-3417 Mauris Ave','779-9560 Dui. Road','08-02-21',' Stripe',7),(56,'25271','799-5170 Augue. Ave','4445 Nunc St.','07-11-19',' Stripe',37),(41,'41520','Ap #548-4705 Eget, Rd.','1126 Enim Rd.','04-06-20','Multibanco ',20),(2,'85192','Ap #459-8813 Odio. St.','282 Vel Av.','06-02-20','Multibanco ',28),(50,'67416','Ap #855-7358 Euismod Av.','795 Etiam Street','08-05-20',' Stripe',40),(4,'50628','Ap #368-6354 Cras Avenue','Ap #470-2131 Lacinia Rd.','03-01-21','Multibanco ',46);
INSERT INTO "order" (id,id_shipping,billing_address,delivery_address,order_date,payment_method,id_user) VALUES (45,'08667','Ap #412-6127 Quisque Road','P.O. Box 899, 4771 Felis Rd.','07-12-19',' Stripe',14),(10,'91838','5400 Cum St.','P.O. Box 321, 8155 Sed Avenue','20-03-21','Multibanco ',18),(73,'56344','Ap #438-992 Enim, Av.','Ap #416-8968 Sit Rd.','22-02-20',' Stripe',25),(11,'81057','608-9851 Nullam St.','P.O. Box 548, 8750 Ligula Ave','29-05-19',' Stripe',46),(77,'11566','Ap #373-8738 Magna. Ave','5586 Ipsum Av.','17-03-21',' Stripe',14),(2,'95111','Ap #731-867 Pellentesque Ave','5375 Vestibulum St.','21-01-21','Multibanco ',21),(15,'63823','2364 Eu Street','491-3507 Lectus Avenue','26-01-20',' Stripe',40),(45,'35813','P.O. Box 510, 9389 Scelerisque, Avenue','521-465 Ut Rd.','01-04-19','Multibanco ',34),(69,'74554','960-2743 Tincidunt Ave','144-1402 Pellentesque Rd.','21-12-19',' Stripe',39),(66,'30966','3626 Urna, Av.','Ap #376-9760 Nam Rd.','11-06-20',' Stripe',44);
INSERT INTO "order" (id,id_shipping,billing_address,delivery_address,order_date,payment_method,id_user) VALUES (8,'83620','918-1892 Facilisis. Av.','9913 Varius Rd.','26-02-21','Multibanco ',43),(95,'78174','808-3581 Nam Avenue','P.O. Box 434, 3211 Malesuada Rd.','22-04-19','Multibanco ',22),(19,'73776','7266 Gravida Rd.','1449 Et, Ave','28-02-21',' Stripe',11),(79,'83556','P.O. Box 254, 2310 Proin Avenue','Ap #492-2969 Iaculis Street','23-03-20',' Stripe',10),(67,'23126','P.O. Box 512, 5418 Orci Rd.','Ap #427-8941 Curabitur St.','16-01-20','Multibanco ',17),(99,'77699','Ap #950-1346 Mollis Road','P.O. Box 830, 3722 Morbi St.','28-08-19',' Stripe',11),(99,'21412','Ap #313-277 Vestibulum Rd.','994 Aliquet Road','29-09-19','Multibanco ',22),(16,'38043','970-902 Ac Road','504-1490 Orci Street','10-11-20','Multibanco ',24),(79,'69254','P.O. Box 924, 8483 Donec St.','Ap #895-1651 Neque. Rd.','14-12-19','Multibanco ',48),(73,'28255','Ap #162-4494 Vivamus Rd.','Ap #730-2318 Enim. St.','10-12-19','Multibanco ',3);
INSERT INTO "order" (id,id_shipping,billing_address,delivery_address,order_date,payment_method,id_user) VALUES (27,'37114','P.O. Box 866, 8277 Nunc Av.','P.O. Box 528, 8302 Tincidunt Ave','26-01-21',' Stripe',25),(71,'20557','P.O. Box 640, 1849 Nec St.','Ap #323-1442 Eu Road','18-04-20',' Stripe',26),(93,'01850','2530 Cum St.','5816 Nisi. Ave','06-04-19','Multibanco ',2),(74,'20260','Ap #972-7531 Massa Ave','5296 Sed Ave','20-12-19',' Stripe',3),(97,'58005','P.O. Box 137, 4910 Duis Road','P.O. Box 647, 2817 Magnis Street','11-11-19','Multibanco ',15),(36,'69091','Ap #637-8390 Mollis Avenue','8984 Dictum Rd.','17-11-20',' Stripe',34),(90,'61585','209-7816 Adipiscing, Av.','P.O. Box 772, 5226 Ultrices Av.','06-11-19','Multibanco ',11),(22,'62793','357-6917 Magna Rd.','P.O. Box 188, 3333 At, St.','22-01-20',' Stripe',5),(36,'36713','P.O. Box 985, 8699 Lectus St.','811-9299 Sodales Street','14-06-19','Multibanco ',29),(23,'86041','141-7078 At, Ave','884-7934 Ut St.','25-12-19','Multibanco ',29);
INSERT INTO "order" (id,id_shipping,billing_address,delivery_address,order_date,payment_method,id_user) VALUES (4,'85473','P.O. Box 384, 117 Pellentesque Avenue','P.O. Box 930, 7136 Duis Rd.','30-12-20',' Stripe',8),(66,'15684','Ap #326-1170 Nec Rd.','P.O. Box 146, 3691 Elit Avenue','04-12-19','Multibanco ',17),(98,'34416','2417 Semper, Av.','5889 Porta Ave','22-05-19','Multibanco ',35),(69,'62792','Ap #467-8319 Semper St.','375-5892 Aliquet St.','08-06-19',' Stripe',33),(54,'93029','Ap #921-6347 Diam. Rd.','Ap #629-8474 Cursus. Street','16-09-19',' Stripe',34),(61,'15399','157 Dignissim. St.','403-6855 Odio St.','07-02-21','Multibanco ',44),(35,'42538','785-4883 Integer Av.','491 Non Av.','10-12-20','Multibanco ',18),(92,'14600','789-683 Lacinia. St.','2334 Sit Av.','13-02-21',' Stripe',31),(10,'79804','283-1964 Pede Av.','370-9296 Donec Road','26-11-19','Multibanco ',13),(39,'74531','Ap #375-4114 Dictum St.','451-7507 Nibh St.','26-10-20',' Stripe',22);
INSERT INTO "order" (id,id_shipping,billing_address,delivery_address,order_date,payment_method,id_user) VALUES (15,'99910','P.O. Box 229, 9867 Nam Avenue','442-386 Cras Av.','23-08-20','Multibanco ',39),(14,'18347','2618 Feugiat Ave','Ap #316-2450 Leo Av.','21-10-20',' Stripe',38),(98,'50174','8405 Nibh Avenue','6611 Pellentesque Rd.','13-05-19','Multibanco ',6),(34,'22189','Ap #686-4995 Lobortis Road','Ap #596-7293 Eget Av.','10-04-20','Multibanco ',47),(33,'07908','4997 Sed Rd.','146-9245 Ut Ave','26-08-20',' Stripe',11),(31,'89645','2591 Tincidunt Rd.','P.O. Box 937, 7100 Quam, St.','09-02-21','Multibanco ',37),(57,'09507','2433 Enim, Av.','341-9123 Fusce Ave','07-01-20',' Stripe',10),(56,'33424','P.O. Box 184, 3268 Curabitur Road','P.O. Box 150, 9414 In Street','19-11-19',' Stripe',23),(2,'56877','Ap #796-1131 Neque. Street','2980 Curabitur Road','13-09-19',' Stripe',8),(70,'30862','309-5194 Ut Av.','622-1085 Accumsan Street','22-09-19','Multibanco ',42);
INSERT INTO "order" (id,id_shipping,billing_address,delivery_address,order_date,payment_method,id_user) VALUES (29,'72894','533-3125 Egestas. Rd.','137-3217 Ullamcorper. Avenue','28-12-20','Multibanco ',13),(76,'38601','4720 Semper St.','5520 Metus Road','13-08-20','Multibanco ',8),(90,'65765','683-3164 Nullam Ave','P.O. Box 227, 4809 Sit St.','22-02-20',' Stripe',20),(56,'15463','6175 Nisi Avenue','Ap #999-3021 Placerat, Ave','13-02-21','Multibanco ',19),(34,'21391','P.O. Box 126, 1967 Odio Road','1804 Ut, St.','06-02-20',' Stripe',36),(10,'53106','381-4119 Nec Avenue','599-3962 Egestas Street','29-07-20',' Stripe',11),(13,'92885','982-5146 Nec St.','Ap #654-9429 Ac Street','13-12-19',' Stripe',35),(23,'10132','230-9456 Tincidunt Avenue','632-4864 Diam Road','04-07-19','Multibanco ',16),(6,'65598','Ap #761-6436 Phasellus St.','P.O. Box 270, 2719 In, Av.','04-02-20','Multibanco ',43),(42,'62604','P.O. Box 577, 7109 Consectetuer Street','P.O. Box 322, 7516 Ultricies Rd.','12-11-19','Multibanco ',41);

INSERT INTO "product_order" (id_product,id_order,quantity) VALUES (15,52,35),(2,54,31),(70,86,32),(36,56,25),(85,31,4),(80,68,14),(51,55,17),(44,58,50),(84,48,48),(72,62,7);
INSERT INTO "product_order" (id_product,id_order,quantity) VALUES (63,57,26),(43,97,37),(37,22,40),(76,25,27),(97,47,7),(43,1,22),(21,94,42),(77,93,4),(73,77,1),(41,24,27);
INSERT INTO "product_order" (id_product,id_order,quantity) VALUES (88,93,45),(43,50,21),(6,97,22),(72,77,34),(84,40,27),(99,65,23),(78,79,46),(44,75,39),(50,6,1),(52,72,42);
INSERT INTO "product_order" (id_product,id_order,quantity) VALUES (88,2,18),(1,90,5),(89,97,16),(25,26,48),(28,40,41),(17,64,15),(59,5,4),(70,33,46),(16,56,30),(55,26,46);
INSERT INTO "product_order" (id_product,id_order,quantity) VALUES (46,15,10),(25,94,10),(1,55,50),(19,38,28),(99,49,1),(91,95,37),(72,16,27),(56,48,16),(44,26,18),(79,24,18);
INSERT INTO "product_order" (id_product,id_order,quantity) VALUES (77,54,31),(37,76,6),(100,37,33),(39,25,8),(97,69,31),(84,26,37),(83,74,40),(86,16,34),(32,59,32),(11,19,35);
INSERT INTO "product_order" (id_product,id_order,quantity) VALUES (34,42,29),(13,33,19),(84,8,50),(6,48,7),(26,11,11),(73,44,31),(71,10,1),(71,4,2),(45,32,9),(46,85,39);
INSERT INTO "product_order" (id_product,id_order,quantity) VALUES (86,71,48),(65,26,31),(3,14,25),(51,66,50),(56,99,30),(39,28,29),(15,59,24),(91,78,45),(6,72,33),(77,86,20);
INSERT INTO "product_order" (id_product,id_order,quantity) VALUES (27,48,31),(25,62,7),(42,31,2),(92,57,19),(56,89,15),(5,61,23),(2,27,35),(69,21,32),(39,75,17),(13,57,42);
INSERT INTO "product_order" (id_product,id_order,quantity) VALUES (95,49,36),(57,3,22),(46,24,11),(18,73,36),(71,25,47),(38,89,22),(2,98,17),(80,41,33),(85,10,11),(32,75,30);

INSERT INTO "review" (id_product,id_order,description,rating,review_date) VALUES (20,51,' "Really happy to try out this brand, great products and costumer support"',1,'30-11-20'),(32,40,'"Great product!" ',2,'12-10-20'),(81,67,' "Really happy to try out this brand, great products and costumer support"',5,'27-03-21'),(51,60,' "Kinda dissapointed with the plant quality" ! "Amazing service and quality of products" ',3,'28-05-20'),(37,30,' "Kinda dissapointed with the plant quality" ! "Amazing service and quality of products" ',1,'11-08-20'),(35,29,' "Loved this lovely plant! Very easy to take care" ',5,'18-04-19'),(63,83,' "Kinda dissapointed with the plant quality" ! "Amazing service and quality of products" ',2,'22-10-19'),(6,76,'"Great product!" ',2,'09-08-19'),(60,64,' "Really happy to try out this brand, great products and costumer support"',2,'27-11-19'),(40,12,' "Kinda dissapointed with the plant quality" ! "Amazing service and quality of products" ',1,'25-06-19');
INSERT INTO "review" (id_product,id_order,description,rating,review_date) VALUES (47,76,'"Great product!" ',3,'07-01-20'),(42,79,' "Kinda dissapointed with the plant quality" ! "Amazing service and quality of products" ',2,'15-05-20'),(21,63,' "Loved this lovely plant! Very easy to take care" ',3,'12-10-19'),(75,28,' "Really happy to try out this brand, great products and costumer support"',2,'08-07-20'),(85,87,' "Kinda dissapointed with the plant quality" ! "Amazing service and quality of products" ',1,'18-04-19'),(58,32,'"Great product!" ',5,'11-11-19'),(50,43,'"Great product!" ',5,'16-03-20'),(92,27,' "Loved this lovely plant! Very easy to take care" ',3,'19-09-20'),(32,87,' "Really happy to try out this brand, great products and costumer support"',3,'25-02-21'),(7,79,' "Really happy to try out this brand, great products and costumer support"',2,'19-12-19');
INSERT INTO "review" (id_product,id_order,description,rating,review_date) VALUES (84,43,' "Really happy to try out this brand, great products and costumer support"',5,'08-02-20'),(71,33,' "Loved this lovely plant! Very easy to take care" ',3,'17-08-20'),(83,11,' "Kinda dissapointed with the plant quality" ! "Amazing service and quality of products" ',1,'11-11-19'),(48,55,' "Really happy to try out this brand, great products and costumer support"',5,'21-04-20'),(67,22,' "Loved this lovely plant! Very easy to take care" ',2,'28-03-19'),(33,9,' "Really happy to try out this brand, great products and costumer support"',5,'04-12-20'),(74,98,' "Kinda dissapointed with the plant quality" ! "Amazing service and quality of products" ',3,'07-06-20'),(59,11,'"Great product!" ',5,'24-03-20'),(21,65,' "Really happy to try out this brand, great products and costumer support"',4,'15-08-20'),(58,25,'"Great product!" ',2,'07-01-20');
INSERT INTO "review" (id_product,id_order,description,rating,review_date) VALUES (12,3,'"Great product!" ',4,'27-11-20'),(37,10,' "Kinda dissapointed with the plant quality" ! "Amazing service and quality of products" ',2,'29-09-19'),(38,62,'"Great product!" ',1,'20-03-20'),(88,28,'"Great product!" ',5,'20-09-19'),(12,23,' "Loved this lovely plant! Very easy to take care" ',5,'13-03-21'),(24,81,'"Great product!" ',3,'16-08-19'),(12,6,'"Great product!" ',1,'21-06-19'),(76,43,' "Really happy to try out this brand, great products and costumer support"',1,'13-11-19'),(35,92,'"Great product!" ',3,'15-01-20'),(56,49,' "Loved this lovely plant! Very easy to take care" ',3,'07-02-20');
INSERT INTO "review" (id_product,id_order,description,rating,review_date) VALUES (89,71,' "Loved this lovely plant! Very easy to take care" ',5,'16-09-20'),(55,31,'"Great product!" ',1,'18-01-20'),(75,44,' "Loved this lovely plant! Very easy to take care" ',3,'02-03-20'),(6,100,' "Kinda dissapointed with the plant quality" ! "Amazing service and quality of products" ',2,'03-01-20'),(68,85,'"Great product!" ',4,'20-02-20'),(25,74,' "Loved this lovely plant! Very easy to take care" ',3,'31-05-19'),(54,72,'"Great product!" ',3,'22-01-20'),(8,25,' "Loved this lovely plant! Very easy to take care" ',3,'10-05-19'),(43,2,'"Great product!" ',3,'24-07-20'),(12,5,' "Loved this lovely plant! Very easy to take care" ',3,'20-10-20');
INSERT INTO "review" (id_product,id_order,description,rating,review_date) VALUES (4,79,' "Loved this lovely plant! Very easy to take care" ',3,'15-06-19'),(62,37,' "Really happy to try out this brand, great products and costumer support"',5,'21-09-19'),(66,67,'"Great product!" ',4,'11-05-19'),(52,71,'"Great product!" ',4,'20-05-19'),(36,82,'"Great product!" ',4,'28-03-19'),(7,79,' "Kinda dissapointed with the plant quality" ! "Amazing service and quality of products" ',3,'31-10-20'),(22,54,' "Really happy to try out this brand, great products and costumer support"',3,'08-01-20'),(40,27,' "Loved this lovely plant! Very easy to take care" ',2,'24-03-20'),(66,35,' "Kinda dissapointed with the plant quality" ! "Amazing service and quality of products" ',5,'19-05-19'),(52,54,'"Great product!" ',4,'10-03-21');
INSERT INTO "review" (id_product,id_order,description,rating,review_date) VALUES (88,38,'"Great product!" ',5,'07-12-19'),(13,45,'"Great product!" ',3,'12-05-19'),(28,62,' "Really happy to try out this brand, great products and costumer support"',4,'04-09-20'),(27,64,' "Kinda dissapointed with the plant quality" ! "Amazing service and quality of products" ',1,'17-11-19'),(28,75,'"Great product!" ',1,'07-07-19'),(49,96,' "Really happy to try out this brand, great products and costumer support"',2,'07-02-20'),(30,74,' "Loved this lovely plant! Very easy to take care" ',5,'26-10-20'),(6,8,' "Loved this lovely plant! Very easy to take care" ',4,'14-03-20'),(33,48,' "Loved this lovely plant! Very easy to take care" ',4,'26-05-20'),(37,30,'"Great product!" ',3,'06-11-20');
INSERT INTO "review" (id_product,id_order,description,rating,review_date) VALUES (44,84,'"Great product!" ',5,'13-12-20'),(4,30,'"Great product!" ',4,'10-10-20'),(25,83,' "Really happy to try out this brand, great products and costumer support"',4,'29-06-19'),(44,50,' "Loved this lovely plant! Very easy to take care" ',5,'18-05-20'),(78,38,' "Really happy to try out this brand, great products and costumer support"',5,'10-08-20'),(15,78,'"Great product!" ',5,'16-07-20'),(7,14,' "Kinda dissapointed with the plant quality" ! "Amazing service and quality of products" ',4,'12-05-20'),(3,82,'"Great product!" ',5,'20-08-19'),(77,77,' "Really happy to try out this brand, great products and costumer support"',2,'21-10-20'),(13,87,'"Great product!" ',2,'13-01-20');
INSERT INTO "review" (id_product,id_order,description,rating,review_date) VALUES (99,85,' "Really happy to try out this brand, great products and costumer support"',5,'13-10-20'),(39,79,'"Great product!" ',3,'29-10-19'),(22,68,'"Great product!" ',5,'21-11-19'),(57,4,' "Really happy to try out this brand, great products and costumer support"',4,'25-04-19'),(57,85,' "Loved this lovely plant! Very easy to take care" ',3,'14-02-21'),(7,60,'"Great product!" ',4,'23-11-19'),(95,69,'"Great product!" ',5,'15-05-19'),(92,63,'"Great product!" ',1,'13-02-21'),(75,63,'"Great product!" ',5,'01-06-19'),(81,96,'"Great product!" ',1,'21-01-21');
INSERT INTO "review" (id_product,id_order,description,rating,review_date) VALUES (74,74,' "Kinda dissapointed with the plant quality" ! "Amazing service and quality of products" ',2,'17-04-19'),(43,61,' "Loved this lovely plant! Very easy to take care" ',4,'25-04-20'),(60,13,' "Loved this lovely plant! Very easy to take care" ',1,'23-08-20'),(26,98,'"Great product!" ',1,'08-03-20'),(26,37,'"Great product!" ',1,'02-01-21'),(46,53,' "Really happy to try out this brand, great products and costumer support"',5,'23-03-20'),(83,16,' "Kinda dissapointed with the plant quality" ! "Amazing service and quality of products" ',4,'30-06-20'),(91,9,' "Loved this lovely plant! Very easy to take care" ',1,'20-06-20'),(7,100,'"Great product!" ',4,'13-01-20'),(1,92,'"Great product!" ',2,'31-12-19');

INSERT INTO "order_history" (id,date_begin,id_order) VALUES (48,'23-09-20',98),(33,'03-11-20',89),(56,'27-09-19',8),(26,'24-10-20',87),(15,'29-01-20',55),(55,'14-10-19',47),(53,'15-10-19',98),(20,'27-03-20',34),(46,'28-01-20',26),(82,'04-07-19',36);
INSERT INTO "order_history" (id,date_begin,id_order) VALUES (2,'21-12-20',59),(98,'22-12-19',6),(75,'18-12-20',37),(96,'29-03-19',60),(56,'27-09-19',21),(17,'13-02-21',18),(71,'20-09-19',48),(16,'16-08-20',51),(20,'01-04-20',65),(5,'19-05-19',94);
INSERT INTO "order_history" (id,date_begin,id_order) VALUES (97,'10-02-21',19),(7,'20-03-21',89),(77,'18-05-19',34),(44,'12-04-20',48),(60,'24-02-21',14),(37,'02-12-19',87),(10,'16-07-19',50),(36,'13-03-20',28),(14,'18-12-19',97),(83,'05-12-20',33);
INSERT INTO "order_history" (id,date_begin,id_order) VALUES (18,'20-02-21',14),(97,'21-11-19',40),(52,'06-11-20',18),(65,'04-10-19',88),(81,'06-11-20',87),(37,'24-09-19',16),(42,'22-09-20',67),(82,'09-12-20',75),(56,'27-06-19',49),(46,'08-01-21',93);
INSERT INTO "order_history" (id,date_begin,id_order) VALUES (13,'20-11-19',68),(25,'19-10-20',17),(88,'19-10-20',79),(80,'16-07-19',12),(92,'21-12-19',74),(13,'29-10-19',55),(33,'20-02-20',29),(33,'04-08-19',11),(58,'01-01-21',79),(13,'20-08-20',57);
INSERT INTO "order_history" (id,date_begin,id_order) VALUES (38,'08-06-19',19),(23,'23-05-19',4),(31,'10-12-19',52),(54,'16-06-19',51),(22,'20-09-19',2),(2,'05-04-20',51),(82,'16-05-19',84),(28,'11-06-20',95),(58,'07-06-19',75),(1,'23-07-20',24);
INSERT INTO "order_history" (id,date_begin,id_order) VALUES (43,'11-06-20',18),(44,'14-03-21',25),(73,'18-11-19',7),(40,'11-11-19',16),(33,'25-06-20',75),(52,'07-10-19',59),(42,'05-03-20',83),(10,'23-05-20',50),(100,'19-08-20',58),(54,'31-08-20',70);
INSERT INTO "order_history" (id,date_begin,id_order) VALUES (13,'10-06-20',56),(84,'24-09-20',22),(21,'21-11-20',94),(12,'24-03-21',12),(35,'31-12-19',39),(26,'18-11-20',63),(10,'29-10-19',88),(19,'27-03-21',89),(39,'22-07-20',92),(19,'21-07-20',5);
INSERT INTO "order_history" (id,date_begin,id_order) VALUES (96,'22-09-20',31),(37,'22-11-20',96),(58,'16-08-20',82),(56,'01-06-20',1),(72,'10-04-20',20),(46,'07-11-19',70),(12,'11-09-20',11),(59,'04-04-19',36),(4,'16-11-19',17),(6,'05-11-19',41);
INSERT INTO "order_history" (id,date_begin,id_order) VALUES (75,'03-07-20',59),(93,'06-07-20',76),(85,'16-09-20',83),(93,'17-06-19',82),(25,'02-06-20',28),(14,'10-02-20',58),(5,'02-02-20',22),(5,'01-08-19',100),(5,'10-11-20',43),(80,'25-03-21',91);

INSERT INTO "user" (id,username,email,password_hash,date,id_image,user_role) VALUES (48,'Kramer','scelerisque.scelerisque@aliquetmagnaa.edu','MWV17IVT1QI','04-12-19',35,' Manager'),(43,'Burke','molestie@ornareIn.edu','OTY31IKG0VS','25-07-20',5,'Costumer '),(3,'Keith','nec.mauris@lectus.net','XUP65LTT5NV','25-08-20',25,' Manager'),(44,'Becker','orci@duiSuspendisseac.ca','LUO48YWQ9NW','05-07-20',37,' Manager'),(42,'Waller','tincidunt.aliquam.arcu@quisturpisvitae.org','XOP67XHK8CW','18-09-19',50,'Costumer '),(39,'Estrada','dui.Fusce@euneque.net','YLF55XQZ5DZ','30-06-20',14,'Costumer '),(5,'Lott','tempor@nisimagnased.ca','NJI59JFH4VN','31-07-19',20,' Manager'),(38,'Mccullough','Nunc.sed.orci@velit.edu','ZXS09FMO9EN','24-05-19',20,' Manager'),(10,'Schneider','a@mattis.org','JDR01KEI9NC','07-03-21',4,' Manager'),(11,'Carter','Quisque@semsemper.com','ASZ96LLS3GT','26-07-19',6,'Costumer ');
INSERT INTO "user" (id,username,email,password_hash,date,id_image,user_role) VALUES (23,'Lane','eget.ipsum@lectuspede.org','DFJ28EUU2HY','22-10-20',11,'Costumer '),(37,'Gill','ut.nisi.a@nislMaecenasmalesuada.edu','TUI56PBL6AO','18-11-20',46,'Costumer '),(18,'Santos','dolor.vitae.dolor@Nunclaoreet.net','HKM27QWX9VG','09-07-19',10,' Manager'),(49,'Phillips','lacinia.at.iaculis@Nuncsed.net','ZJC04PQM7FE','04-08-19',36,'Costumer '),(18,'Harding','Mauris@nibhAliquamornare.net','OQX10PHW1YD','01-06-20',43,'Costumer '),(28,'Lambert','turpis.egestas@faucibus.ca','KLS89BGJ2EI','26-11-20',13,'Costumer '),(46,'Adams','Vivamus.nisi.Mauris@nonummyacfeugiat.com','RGY95KXS4HY','29-06-19',28,' Manager'),(13,'Alford','ornare@fringilla.ca','PAH19RKS0QG','03-08-20',10,' Manager'),(12,'Lambert','posuere.enim@laoreetipsum.co.uk','XYM47FRT9NT','23-05-19',2,' Manager'),(9,'Lancaster','luctus.et@elitNulla.co.uk','ASI09TMG7OD','29-09-19',47,'Costumer ');
INSERT INTO "user" (id,username,email,password_hash,date,id_image,user_role) VALUES (50,'Emerson','lectus.justo@Crasconvallis.com','BAT80CWQ1PM','27-10-19',38,'Costumer '),(21,'Alexander','nisi.Aenean.eget@elitAliquam.org','IMR26ECC7UK','18-09-19',24,' Manager'),(35,'Waller','nulla@laciniaorciconsectetuer.ca','UED15VBL2MI','31-12-19',37,' Manager'),(25,'England','tellus.id.nunc@Sed.net','EFL38FPR1ON','06-07-19',28,'Costumer '),(11,'Barr','nisi@sociisnatoque.org','TGN81WDY1AA','26-10-19',17,' Manager'),(20,'Foreman','Mauris.vestibulum@maurisSuspendisse.co.uk','ZUL74XGZ5UJ','24-08-19',29,'Costumer '),(9,'Wiggins','mus.Donec@liberomaurisaliquam.com','CKG36ZQM1OY','11-09-19',45,' Manager'),(11,'Hooper','nec.urna.suscipit@aliquet.net','QCX11LUB0NF','14-05-19',46,'Costumer '),(45,'Holloway','ullamcorper.eu@Namnulla.co.uk','LOU88SYS1EF','06-08-20',34,'Costumer '),(41,'Manning','at.lacus@suscipitestac.com','SZS46PWT1YU','22-11-19',50,'Costumer ');
INSERT INTO "user" (id,username,email,password_hash,date,id_image,user_role) VALUES (37,'Glover','mauris@urnaet.edu','EIN56TJB1LL','06-05-19',38,'Costumer '),(41,'Dunlap','adipiscing.lobortis.risus@non.co.uk','QQC19DBQ5YO','19-03-20',29,' Manager'),(9,'Gilbert','nibh.Aliquam.ornare@inlobortistellus.net','UPY40LPS8BA','02-01-20',38,'Costumer '),(35,'Morton','tincidunt.orci.quis@velitegetlaoreet.net','RMY18TIX5XA','02-05-19',42,' Manager'),(2,'Young','Fusce.fermentum@bibendumsed.ca','YIZ08OGY7RT','18-09-19',11,'Costumer '),(46,'Brown','posuere.vulputate.lacus@ad.com','ZKT40UJH7BI','11-02-21',2,'Costumer '),(28,'Fleming','sit.amet.ornare@nisl.ca','CEY22UVR9VZ','09-01-20',38,'Costumer '),(35,'Spencer','lacinia.Sed.congue@ac.edu','ZES99ZZA2EH','18-12-20',45,'Costumer '),(13,'Morton','sodales@tempor.co.uk','HMO72ZQH3UN','29-11-19',21,'Costumer '),(34,'Christian','fermentum.fermentum.arcu@nequesed.ca','NHO98DVG4KM','06-05-19',3,'Costumer ');
INSERT INTO "user" (id,username,email,password_hash,date,id_image,user_role) VALUES (43,'Sykes','est@risusNunc.org','TPB18EBD2YI','19-08-20',3,'Costumer '),(48,'Stephens','nonummy@Quisqueimperdiet.net','MEH67CKP0KC','20-12-19',44,' Manager'),(1,'Sellers','Donec.egestas@nislMaecenasmalesuada.org','CLE99KCT0DS','06-02-20',27,'Costumer '),(38,'Berger','convallis.in@vitae.ca','VVA55SMT1CK','21-01-20',45,'Costumer '),(7,'Tate','nonummy@ultrices.net','RMZ96HLT2DV','17-10-20',41,' Manager'),(37,'Duran','cursus.Integer@Curabiturconsequatlectus.com','LYC28VEY4ZQ','10-01-20',25,'Costumer '),(47,'Glass','amet.ornare@viverra.co.uk','NEU52KSN2NV','13-08-19',27,'Costumer '),(20,'Willis','cursus@eleifendnon.org','ALE18OIN4CH','05-07-20',46,'Costumer '),(24,'Grimes','pellentesque@necenim.org','RXM04QRD9MQ','08-11-20',41,'Costumer '),(32,'Cain','Nunc@leoCras.ca','ZMR24CQT4KF','16-04-20',12,' Manager');

INSERT INTO "wishlist" (id,name,id_user) VALUES (52,' Acessories ',1),(5,' Acessories ',32),(16,' Small Vases',3),(90,' Small Vases',6),(58,' Acessories ',27),(55,' Orchids ',34),(89,' Orchids ',16),(47,' Small Vases',30),(77,' Acessories ',43),(37,' Acessories ',15);
INSERT INTO "wishlist" (id,name,id_user) VALUES (53,' Acessories ',4),(88,' Acessories ',21),(6,' Acessories ',47),(23,'Flowers ',27),(34,' Small Vases',38),(90,'Flowers ',14),(9,' Orchids ',50),(42,' Orchids ',42),(6,'Flowers ',3),(100,' Acessories ',28);
INSERT INTO "wishlist" (id,name,id_user) VALUES (18,' Acessories ',50),(75,'Flowers ',11),(26,' Small Vases',13),(4,' Orchids ',49),(35,'Flowers ',48),(15,'Flowers ',38),(36,' Small Vases',28),(52,' Acessories ',25),(13,' Orchids ',1),(71,' Orchids ',15);
INSERT INTO "wishlist" (id,name,id_user) VALUES (29,' Small Vases',11),(55,' Small Vases',19),(8,'Flowers ',20),(57,' Small Vases',9),(13,'Flowers ',16),(24,' Small Vases',1),(2,'Flowers ',31),(59,' Small Vases',11),(12,' Small Vases',42),(23,'Flowers ',43);
INSERT INTO "wishlist" (id,name,id_user) VALUES (24,' Small Vases',46),(39,' Acessories ',34),(17,' Acessories ',10),(53,' Acessories ',47),(25,' Small Vases',20),(77,'Flowers ',25),(32,' Acessories ',33),(36,'Flowers ',5),(86,' Small Vases',23),(46,' Acessories ',45);
INSERT INTO "wishlist" (id,name,id_user) VALUES (39,' Small Vases',40),(6,' Small Vases',22),(100,' Small Vases',16),(76,' Orchids ',4),(3,' Small Vases',49),(63,' Acessories ',39),(47,' Acessories ',33),(54,'Flowers ',13),(69,' Acessories ',18),(46,' Small Vases',9);
INSERT INTO "wishlist" (id,name,id_user) VALUES (51,' Orchids ',35),(6,'Flowers ',5),(96,' Small Vases',45),(62,' Small Vases',13),(84,'Flowers ',48),(74,' Acessories ',32),(86,' Acessories ',20),(30,' Small Vases',40),(18,'Flowers ',38),(97,' Acessories ',23);
INSERT INTO "wishlist" (id,name,id_user) VALUES (9,' Orchids ',50),(64,' Acessories ',36),(52,' Acessories ',3),(80,' Small Vases',11),(49,' Acessories ',30),(43,' Small Vases',26),(46,' Acessories ',43),(10,' Orchids ',14),(7,'Flowers ',28),(43,'Flowers ',32);
INSERT INTO "wishlist" (id,name,id_user) VALUES (65,'Flowers ',27),(33,'Flowers ',5),(95,'Flowers ',32),(69,' Acessories ',9),(58,' Acessories ',33),(42,' Small Vases',50),(67,' Small Vases',48),(96,'Flowers ',44),(17,' Acessories ',23),(76,' Orchids ',38);
INSERT INTO "wishlist" (id,name,id_user) VALUES (26,' Acessories ',35),(6,'Flowers ',43),(1,' Orchids ',46),(11,' Small Vases',32),(12,' Orchids ',29),(80,'Flowers ',4),(83,'Flowers ',30),(2,' Orchids ',36),(75,' Orchids ',27),(87,' Acessories ',23);

--R08
INSERT INTO wishlist_product (id_product,id_wishlist) VALUES (32,20),(25,32),(31,18),(65,21),(93,18),(45,26),(77,20),(1,5),(60,8),(59,14);
INSERT INTO wishlist_product (id_product,id_wishlist) VALUES (93,27),(15,24),(5,15),(55,21),(17,33),(24,4),(53,38),(34,3),(18,23),(23,31);
INSERT INTO wishlist_product (id_product,id_wishlist) VALUES (78,39),(64,3),(26,34),(65,2),(28,8),(89,22),(93,17),(96,38),(7,17),(21,4);
INSERT INTO wishlist_product (id_product,id_wishlist) VALUES (85,14),(17,29),(81,9),(46,16),(51,6),(84,40),(2,22),(71,14),(16,25),(19,34);
INSERT INTO wishlist_product (id_product,id_wishlist) VALUES (92,12),(85,17),(30,23),(81,31),(23,29),(55,25),(91,14),(93,21),(34,28),(11,18);
INSERT INTO wishlist_product (id_product,id_wishlist) VALUES (69,33),(14,8),(4,28),(87,20),(85,31),(21,16),(39,3),(50,2),(9,10),(5,31);
INSERT INTO wishlist_product (id_product,id_wishlist) VALUES (15,16),(2,17),(67,16),(53,20),(29,4),(96,10),(92,21),(52,32),(51,8),(86,6);
INSERT INTO wishlist_product (id_product,id_wishlist) VALUES (94,36),(27,4),(94,19),(22,40),(69,7),(45,5),(36,10),(57,11),(31,36),(39,16);
INSERT INTO wishlist_product (id_product,id_wishlist) VALUES (42,17),(30,36),(53,4),(42,28),(85,15),(27,27),(91,25),(90,16),(99,37),(86,31);
INSERT INTO wishlist_product (id_product,id_wishlist) VALUES (15,38),(75,3),(45,24),(60,24),(77,12),(48,28),(15,33),(69,34),(17,10),(20,15);

--R09
INSERT INTO shopping_cart (id_user,id_product,quantity) VALUES (43,70,10),(52,44,14),(1,38,17),(21,14,11),(90,68,15),(72,81,20),(24,35,19),(27,87,11),(24,8,7),(2,20,9);
INSERT INTO shopping_cart (id_user,id_product,quantity) VALUES (87,6,9),(67,98,18),(21,12,12),(98,85,18),(98,49,20),(17,49,4),(25,13,8),(91,18,20),(29,36,14),(70,9,20);
INSERT INTO shopping_cart (id_user,id_product,quantity) VALUES (25,35,12),(61,12,10),(96,60,5),(32,36,4),(61,96,1),(12,47,17),(27,55,7),(48,86,1),(26,88,9),(93,96,17);
INSERT INTO shopping_cart (id_user,id_product,quantity) VALUES (19,55,8),(88,45,1),(63,1,1),(79,78,19),(73,84,6),(46,43,20),(50,93,10),(13,56,16),(22,24,18),(68,18,17);
INSERT INTO shopping_cart (id_user,id_product,quantity) VALUES (20,65,3),(46,59,10),(95,3,16),(12,16,8),(65,17,10),(83,98,9),(54,87,9),(100,60,6),(59,37,17),(33,1,15);
INSERT INTO shopping_cart (id_user,id_product,quantity) VALUES (17,95,8),(36,43,6),(44,18,6),(38,12,4),(80,25,15),(14,98,16),(48,82,8),(58,27,8),(20,50,1),(25,5,6);
INSERT INTO shopping_cart (id_user,id_product,quantity) VALUES (57,68,11),(72,11,2),(75,51,20),(8,72,5),(47,72,3),(7,50,12),(41,33,1),(25,54,11),(87,1,10),(24,43,18);
INSERT INTO shopping_cart (id_user,id_product,quantity) VALUES (39,75,2),(56,100,1),(2,16,11),(16,78,1),(46,14,3),(65,29,19),(5,97,10),(8,18,6),(45,36,11),(81,36,6);
INSERT INTO shopping_cart (id_user,id_product,quantity) VALUES (77,56,8),(95,62,12),(38,83,6),(83,34,11),(90,30,1),(99,64,11),(8,52,16),(60,92,15),(79,98,15),(60,29,6);
INSERT INTO shopping_cart (id_user,id_product,quantity) VALUES (7,72,3),(94,19,1),(85,96,14),(73,57,10),(87,35,20),(14,48,18),(84,55,4),(40,66,17),(32,73,14),(35,93,11);

--R10
INSERT INTO discount (id,percentage,date_begin,date_end) VALUES (1,96,'2019-04-11','2019-12-21'),(2,88,'2020-02-25','2020-06-26'),(3,2,'2020-01-11','2020-02-02'),(4,88,'2019-08-03','2019-11-09');
INSERT INTO discount (id,percentage,date_begin,date_end) VALUES (5,2,'2020-02-01','2020-09-20'),(6,3,'2020-03-10','2020-07-30'),(7,53,'2019-02-25','2020-06-29'),(8,41,'2020-10-21','2021-01-27');
INSERT INTO discount (id,percentage,date_begin,date_end) VALUES (9,42,'2019-04-18','2020-11-30'),(10,94,'2020-08-11','2021-07-07'),(11,33,'2019-06-12','2020-04-21'),(12,65,'2019-09-27','2019-12-21');
INSERT INTO discount (id,percentage,date_begin,date_end) VALUES (13,31,'2020-06-30','2020-07-05'),(14,27,'2020-03-20','2020-07-07'),(15,77,'2019-12-11','2020-03-10'),(16,4,'2019-04-07','2020-06-21');
INSERT INTO discount (id,percentage,date_begin,date_end) VALUES (17,18,'2021-03-25','2019-08-17'),(18,79,'2020-05-18','2020-12-05'),(19,47,'2020-07-13','2021-02-08'),(20,80,'2020-10-10','2020-10-20');

--R11
INSERT INTO discount_code (id_discount,code) VALUES (2,'Guy'),(4,'Yoshi'),(1,'Callie'),(5,'Raja'),(16,'Rudyard');
INSERT INTO discount_code (id_discount,code) VALUES (20,'Noelani'),(9,'Ralph'),(6,'Russell'),(7,'Nehru'),(10,'Salvador');

--R12
INSERT INTO "apply" (id_product,id_discount) VALUES (21,4),(10,1),(27,14),(44,3),(91,14);
INSERT INTO "apply" (id_product,id_discount) VALUES (20,11),(95,8),(34,1),(55,11),(49,18);
INSERT INTO "apply" (id_product,id_discount) VALUES (84,10),(96,17),(6,18),(20,9),(63,8);
INSERT INTO "apply" (id_product,id_discount) VALUES (35,14),(26,20),(28,11),(26,6),(78,10);
INSERT INTO "apply" (id_product,id_discount) VALUES (66,15),(64,17),(34,2),(18,11),(83,12);
INSERT INTO "apply" (id_product,id_discount) VALUES (76,15),(82,11),(59,20),(91,16),(89,16);
INSERT INTO "apply" (id_product,id_discount) VALUES (3,20),(30,10),(60,20),(39,4),(26,11);
INSERT INTO "apply" (id_product,id_discount) VALUES (94,4),(99,8),(37,14),(25,7),(36,18);
INSERT INTO "apply" (id_product,id_discount) VALUES (32,11),(89,15),(27,20),(51,18),(2,2);
INSERT INTO "apply" (id_product,id_discount) VALUES (87,18),(46,8),(66,4),(82,7),(76,11);

--R13
INSERT INTO tag (id,name) VALUES (1,'Winifred'),(2,'Aspen'),(3,'Audrey'),(4,'April');
INSERT INTO tag (id,name) VALUES (5,'Grace'),(6,'Martena'),(7,'Lilah'),(8,'Alika');
INSERT INTO tag (id,name) VALUES (9,'Yen'),(10,'Haviva'),(11,'Gisela'),(12,'Bertha');
INSERT INTO tag (id,name) VALUES (13,'Hadassah'),(14,'Dai'),(15,'Brooke'),(16,'Xandra');
INSERT INTO tag (id,name) VALUES (17,'Sydnee'),(18,'Quon'),(19,'Clare'),(20,'Xyla');

--R14
INSERT INTO product_tag (id_tag,id_product) VALUES (15,61),(9,42),(11,71),(5,95),(10,67);
INSERT INTO product_tag (id_tag,id_product) VALUES (16,27),(20,66),(15,58),(17,38),(9,22);
INSERT INTO product_tag (id_tag,id_product) VALUES (10,28),(9,9),(18,29),(18,93),(15,76);
INSERT INTO product_tag (id_tag,id_product) VALUES (2,30),(1,17),(9,11),(4,91),(9,13);
INSERT INTO product_tag (id_tag,id_product) VALUES (7,15),(9,72),(11,92),(16,60),(18,74);
INSERT INTO product_tag (id_tag,id_product) VALUES (12,35),(9,98),(17,56),(15,58),(17,49);
INSERT INTO product_tag (id_tag,id_product) VALUES (3,3),(11,35),(19,10),(9,77),(17,78);
INSERT INTO product_tag (id_tag,id_product) VALUES (4,22),(18,40),(8,100),(3,51),(16,6);
INSERT INTO product_tag (id_tag,id_product) VALUES (2,26),(17,76),(16,100),(9,93),(20,56);
INSERT INTO product_tag (id_tag,id_product) VALUES (20,89),(15,65),(15,51),(8,67),(4,70);

--R15
INSERT INTO ticket (id,ticket_type,id_user) VALUES (1,'Faulty_Delivery',18),(2,'Product_Complaint',1),(3,'Faulty_Delivery',5),(4,'Faulty_Delivery',8);
INSERT INTO ticket (id,ticket_type,id_user) VALUES (5,'Faulty_Delivery',9),(6,'Payment_Error',8),(7,'Payment_Error',8),(8,'Payment_Error',11);

--R16
INSERT INTO ticket_message (id,send_date,message,id_ticket,id_user) VALUES (1,'2019-06-27 06:48:10','I cought the delivery man throwing my package at the door. It was a bonsai. I want my money back. NOW.',4,4);
INSERT INTO ticket_message (id,send_date,message,id_ticket,id_user) VALUES (2,'2020-09-27 20:36:10','Im waiting for my delivery for a thousand days now, just give me my money back...',5,11);
INSERT INTO ticket_message (id,send_date,message,id_ticket,id_user) VALUES (3,'2021-01-09 10:50:51','I got my orqid last wek and its already ded. Found later that u shud water it... y isnt on the package that shud water it???!!!',2,2);
INSERT INTO ticket_message (id,send_date,message,id_ticket,id_user) VALUES (4,'2020-10-28 10:13:18','My Plant arrived at my house wrapped in bubble-wrap. Who hired that packager?.. I demand imediate restitution of my money!',3,23);
INSERT INTO ticket_message (id,send_date,message,id_ticket,id_user) VALUES (5,'2019-05-28 11:09:46','My Plant came in a box. It was dead. WTH IS WRONG WITH YOU PEOPLE????',1,28);
INSERT INTO ticket_message (id,send_date,message,id_ticket,id_user) VALUES (6,'2020-01-12 08:32:52','My reference expired and paid after. Now it demands the payment again. HELL NO. Give me my order or give me back my money.',6,22);
INSERT INTO ticket_message (id,send_date,message,id_ticket,id_user) VALUES (7,'2019-10-16 11:28:11','Stripe is down. I dont trust bank references. Please fix this issue.',8,47);
INSERT INTO ticket_message (id,send_date,message,id_ticket,id_user) VALUES (8,'2020-09-19 16:00:17','Dude, I read sprite on phone and I like order a bunch of bottles, like, weird way of payment but ok, i guess you guys need it. But the order didnt ship it, then i realize it said stripe... Can i pay with bottles of soda now??? PS: Pls keep selling that sativa, the best i ever had bros!',7,12);

--R17
INSERT INTO ticket_history (id,date,ticket_status,id_ticket) VALUES (1,'2019-06-24 23:00:54','In_Progress',5),(2,'2020-09-28 07:59:42','In_Progress',8);
INSERT INTO ticket_history (id,date,ticket_status,id_ticket) VALUES (3,'2021-01-09 10:50:51','Opened',4),(4,'2020-11-01 23:49:25','Closed',1);
INSERT INTO ticket_history (id,date,ticket_status,id_ticket) VALUES (5,'2019-05-29 11:09:46','Opened',8),(6,'2020-01-13 07:57:42','In_Progress',7);
INSERT INTO ticket_history (id,date,ticket_status,id_ticket) VALUES (7,'2019-10-18 15:14:24','Closed',5),(8,'2020-09-19 16:00:17','Opened',4);

--R18
INSERT INTO "image" (id,path,description) VALUES (1,'../assets/orquideas.jpg','Rose Orchid');
INSERT INTO "image" (id,path,description) VALUES (2,'../assets/vaso.jpg','XPR Vase');
INSERT INTO "image" (id,path,description) VALUES (3,'../assets/bonsai2.jpg','Bonsai CRT');
INSERT INTO "image" (id,path,description) VALUES (4,'../assets/tulipas.jpg','Orange Tulips');
INSERT INTO "image" (id,path,description) VALUES (5,'../assets/meatrose_indoor.jpg','Meat Rose');
INSERT INTO "image" (id,path,description) VALUES (6,'../assets/reddahlia_indoor.jpg','Red Dahlias');
INSERT INTO "image" (id,path,description) VALUES (7,'../assets/pinktulips_indoor.jpg','Pink Tulips');
INSERT INTO "image" (id,path,description) VALUES (8,'../assets/sativa_indoor.jpg','Sativa Prime');
INSERT INTO "image" (id,path,description) VALUES (9,'../assets/greenpalm_outdoor.jpg','Green Palm Tree');
INSERT INTO "image" (id,path,description) VALUES (10,'../assets/lavender_outdoor.jpg','Lavender Premium');
INSERT INTO "image" (id,path,description) VALUES (11,'../assets/mohammad-faruque-AgYOuy8kA7M-unsplash.jpg','Mohammad Faruque');
INSERT INTO "image" (id,path,description) VALUES (12,'../assets/dannie_almir.jpg','Dannie Almir');
INSERT INTO "image" (id,path,description) VALUES (13,'../assets/simone.jpeg','Simone Biles');
INSERT INTO "image" (id,path,description) VALUES (14,'../assets/sisay_jeremiah_small.jpg','Sisay Jeremiah');

--R19
INSERT INTO product_image (id_image,id_product) VALUES (1,33);
INSERT INTO product_image (id_image,id_product) VALUES (2,47);
INSERT INTO product_image (id_image,id_product) VALUES (3,45);
INSERT INTO product_image (id_image,id_product) VALUES (4,31);
INSERT INTO product_image (id_image,id_product) VALUES (5,43);
INSERT INTO product_image (id_image,id_product) VALUES (6,27);
INSERT INTO product_image (id_image,id_product) VALUES (7,32);
INSERT INTO product_image (id_image,id_product) VALUES (8,3);
INSERT INTO product_image (id_image,id_product) VALUES (9,21);
INSERT INTO product_image (id_image,id_product) VALUES (10,33);

--R20
INSERT INTO user_removal (id,reason,username,removed_at) VALUES (1,'i just wanted to buy a gift for my vegan gf','whatever123123','2019-04-19 05:29:18');
INSERT INTO user_removal (id,reason,username,removed_at) VALUES (2,'my mom caught me gardening. she made me delete this. sry guyz','tr335_4r3_n07_d34d','2019-12-22 14:07:28');









